읍면동명,업종명,연령대,1인당 이용금액
강정동,소매업,10_20,130609.477124183
건입동,소매업,10_20,229820.54794520547
구좌읍,소매업,10_20,480232.4950980392
남원읍,소매업,10_20,218139.29961089493
내도동,소매업,10_20,101500.0
노형동,소매업,10_20,426868.9970501475
대정읍,소매업,10_20,233947.53333333333
대포동,소매업,10_20,90330.23255813954
도남동,소매업,10_20,465410.1206896552
도두이동,소매업,10_20,145572.27272727274
도두일동,소매업,10_20,149301.29032258064
도련이동,소매업,10_20,48000.0
도련일동,소매업,10_20,197685.93277310923
도순동,소매업,10_20,88915.25423728813
도평동,소매업,10_20,78500.0
동홍동,소매업,10_20,63698.13953488372
법환동,소매업,10_20,135010.14492753622
보목동,소매업,10_20,131428.57142857142
봉개동,소매업,10_20,87220.77922077922
삼도이동,소매업,10_20,202550.34782608695
삼도일동,소매업,10_20,150309.61538461538
삼양삼동,소매업,10_20,75040.0
삼양이동,소매업,10_20,112708.69565217392
삼양일동,소매업,10_20,326198.275862069
상예동,소매업,10_20,61895.454545454544
상효동,소매업,10_20,59555.555555555555
색달동,소매업,10_20,121822.11538461539
서귀동,소매업,10_20,923764.4917647059
서호동,소매업,10_20,194538.82352941178
서홍동,소매업,10_20,50756.8085106383
성산읍,소매업,10_20,620929.0411764706
신효동,소매업,10_20,103885.9649122807
아라이동,소매업,10_20,134218.40277777778
아라일동,소매업,10_20,155595.82278481012
안덕면,소매업,10_20,513483.9776951673
애월읍,소매업,10_20,243472.0664206642
연동,소매업,10_20,565272.1959459459
영평동,소매업,10_20,162254.38596491228
오등동,소매업,10_20,48098.07692307692
오라삼동,소매업,10_20,127237.07692307692
오라이동,소매업,10_20,177133.6448598131
오라일동,소매업,10_20,195611.87272727274
외도이동,소매업,10_20,42000.0
외도일동,소매업,10_20,197607.72826086957
용강동,소매업,10_20,112772.72727272728
용담삼동,소매업,10_20,200283.50515463916
용담이동,소매업,10_20,427566.3732394366
용담일동,소매업,10_20,288294.0
우도면,소매업,10_20,217455.38461538462
월평동,소매업,10_20,75600.0
이도이동,소매업,10_20,600399.1003344482
이도일동,소매업,10_20,781887.7325581395
이호이동,소매업,10_20,50157.142857142855
이호일동,소매업,10_20,72611.13043478261
일도이동,소매업,10_20,271568.80149812734
일도일동,소매업,10_20,639251.8950131234
조천읍,소매업,10_20,81671.48427672956
중문동,소매업,10_20,162619.76923076922
추자면,소매업,10_20,88125.0
토평동,소매업,10_20,80079.03225806452
표선면,소매업,10_20,317131.4262820513
하예동,소매업,10_20,106871.42857142857
하원동,소매업,10_20,49902.17391304348
하효동,소매업,10_20,135949.31506849316
한경면,소매업,10_20,126448.34905660378
한림읍,소매업,10_20,283353.5064935065
해안동,소매업,10_20,258728.26086956522
호근동,소매업,10_20,166526.7857142857
화북이동,소매업,10_20,77832.55813953489
화북일동,소매업,10_20,148479.898989899
회수동,소매업,10_20,195848.48484848486
회천동,소매업,10_20,188730.76923076922
강정동,소매업,30_40_50,524223.60568383656
건입동,소매업,30_40_50,836423.5652892562
구좌읍,소매업,30_40_50,597184.6384266263
남원읍,소매업,30_40_50,999006.9291925466
내도동,소매업,30_40_50,163387.09677419355
노형동,소매업,30_40_50,1228738.8194444445
대정읍,소매업,30_40_50,877374.815455594
대포동,소매업,30_40_50,158727.51322751323
도남동,소매업,30_40_50,944742.6820349762
도두이동,소매업,30_40_50,364018.28571428574
도두일동,소매업,30_40_50,585797.8645833334
도련이동,소매업,30_40_50,413801.5037593985
도련일동,소매업,30_40_50,463844.07380952383
도순동,소매업,30_40_50,255457.034375
도평동,소매업,30_40_50,132023.50684931508
동홍동,소매업,30_40_50,724689.1974522293
법환동,소매업,30_40_50,483974.65045592707
보목동,소매업,30_40_50,378330.9482758621
봉개동,소매업,30_40_50,314861.8005540166
삼도이동,소매업,30_40_50,523857.8133595285
삼도일동,소매업,30_40_50,906628.6836935167
삼양삼동,소매업,30_40_50,224916.66666666666
삼양이동,소매업,30_40_50,347784.6976744186
삼양일동,소매업,30_40_50,715189.7832817337
상예동,소매업,30_40_50,177869.5652173913
상효동,소매업,30_40_50,140159.5744680851
색달동,소매업,30_40_50,386370.1538461539
서귀동,소매업,30_40_50,1600871.1576994434
서호동,소매업,30_40_50,272353.6253776435
서홍동,소매업,30_40_50,214002.29126213593
성산읍,소매업,30_40_50,1394791.1123595505
신효동,소매업,30_40_50,458075.49019607843
아라이동,소매업,30_40_50,279328.2775119617
아라일동,소매업,30_40_50,642137.7628524046
안덕면,소매업,30_40_50,1020921.5710491368
애월읍,소매업,30_40_50,747835.2273809523
연동,소매업,30_40_50,1272765.7513661203
영평동,소매업,30_40_50,370003.92156862747
오등동,소매업,30_40_50,304315.2083333333
오라삼동,소매업,30_40_50,627880.9285714285
오라이동,소매업,30_40_50,632061.4893617021
오라일동,소매업,30_40_50,643480.2651515151
외도이동,소매업,30_40_50,58700.0
외도일동,소매업,30_40_50,585077.5385714286
용강동,소매업,30_40_50,156881.57894736843
용담삼동,소매업,30_40_50,726147.765667575
용담이동,소매업,30_40_50,1468569.8599717114
용담일동,소매업,30_40_50,879015.073954984
우도면,소매업,30_40_50,314212.46563192905
월평동,소매업,30_40_50,124382.16560509554
이도이동,소매업,30_40_50,921975.2526475037
이도일동,소매업,30_40_50,1638741.902927581
이호이동,소매업,30_40_50,280978.04347826086
이호일동,소매업,30_40_50,309590.78695652174
일도이동,소매업,30_40_50,946455.0171730515
일도일동,소매업,30_40_50,1468744.4668874172
조천읍,소매업,30_40_50,395728.69436619716
중문동,소매업,30_40_50,461029.8348623853
추자면,소매업,30_40_50,298001.51851851854
토평동,소매업,30_40_50,687617.9029126214
표선면,소매업,30_40_50,1191891.2729498164
하예동,소매업,30_40_50,195263.51351351352
하원동,소매업,30_40_50,129997.9674796748
하효동,소매업,30_40_50,412835.8689138577
한경면,소매업,30_40_50,485914.6623093682
한림읍,소매업,30_40_50,1198653.5612121213
해안동,소매업,30_40_50,276990.05263157893
호근동,소매업,30_40_50,693466.2269129287
화북이동,소매업,30_40_50,283346.4552238806
화북일동,소매업,30_40_50,593895.6013793104
회수동,소매업,30_40_50,642581.7275747508
회천동,소매업,30_40_50,211351.3253012048
강정동,소매업,60_70,501382.4537037037
건입동,소매업,60_70,806419.5767195767
구좌읍,소매업,60_70,273520.1225626741
남원읍,소매업,60_70,643457.4955156951
내도동,소매업,60_70,155944.44444444444
노형동,소매업,60_70,874283.8646288209
대정읍,소매업,60_70,584195.7692307692
대포동,소매업,60_70,118148.93617021276
도남동,소매업,60_70,1183699.0807799443
도두이동,소매업,60_70,160317.64285714287
도두일동,소매업,60_70,386966.9970238095
도련이동,소매업,60_70,516120.253164557
도련일동,소매업,60_70,151225.94594594595
도순동,소매업,60_70,194647.0588235294
도평동,소매업,60_70,95520.0
동홍동,소매업,60_70,652832.7313019391
법환동,소매업,60_70,308412.1212121212
보목동,소매업,60_70,275166.6666666667
봉개동,소매업,60_70,208791.37931034484
삼도이동,소매업,60_70,451205.5272727273
삼도일동,소매업,60_70,858279.4982078853
삼양삼동,소매업,60_70,121741.93548387097
삼양이동,소매업,60_70,260971.47963800904
삼양일동,소매업,60_70,1107464.1548387096
상예동,소매업,60_70,129560.9756097561
상효동,소매업,60_70,187125.0
색달동,소매업,60_70,247191.4798206278
서귀동,소매업,60_70,1512801.7827050998
서호동,소매업,60_70,247460.58394160584
서홍동,소매업,60_70,235515.96153846153
성산읍,소매업,60_70,743167.0689655172
신효동,소매업,60_70,150406.0606060606
아라이동,소매업,60_70,167660.36231884058
아라일동,소매업,60_70,454849.3855799373
안덕면,소매업,60_70,330713.0695443645
애월읍,소매업,60_70,409898.49256900215
연동,소매업,60_70,886076.0709939149
영평동,소매업,60_70,268607.14285714284
오등동,소매업,60_70,126328.20895522388
오라삼동,소매업,60_70,564512.5233644859
오라이동,소매업,60_70,562618.9427312776
오라일동,소매업,60_70,536304.1121495328
외도이동,소매업,60_70,397375.0
외도일동,소매업,60_70,444949.7091503268
용강동,소매업,60_70,118173.33333333333
용담삼동,소매업,60_70,650971.264367816
용담이동,소매업,60_70,983204.0389016018
용담일동,소매업,60_70,829692.7017994858
우도면,소매업,60_70,134087.22222222222
월평동,소매업,60_70,97581.3953488372
이도이동,소매업,60_70,1021767.9168591225
이도일동,소매업,60_70,1289960.7529411765
이호이동,소매업,60_70,203957.17857142858
이호일동,소매업,60_70,253868.50505050505
일도이동,소매업,60_70,890366.6425531915
일도일동,소매업,60_70,1347484.9519832986
조천읍,소매업,60_70,438096.1666666667
중문동,소매업,60_70,239557.10344827586
추자면,소매업,60_70,247734.57142857142
토평동,소매업,60_70,605346.6964285715
표선면,소매업,60_70,713376.0
하예동,소매업,60_70,97745.45454545454
하원동,소매업,60_70,147954.54545454544
하효동,소매업,60_70,257299.27272727274
한경면,소매업,60_70,319489.27125506074
한림읍,소매업,60_70,950677.0880626224
해안동,소매업,60_70,95091.66666666667
호근동,소매업,60_70,733853.5031847134
화북이동,소매업,60_70,289433.9869281046
화북일동,소매업,60_70,635705.3674540683
회수동,소매업,60_70,852209.8039215687
회천동,소매업,60_70,1117188.0
강정동,식음료,10_20,598329.3345008757
건입동,식음료,10_20,625420.9382022471
구좌읍,식음료,10_20,566634.6618357488
남원읍,식음료,10_20,526827.422907489
내도동,식음료,10_20,80229.13907284768
노형동,식음료,10_20,919893.5377049181
대정읍,식음료,10_20,378328.3156028369
대포동,식음료,10_20,827837.0044052864
도남동,식음료,10_20,492736.42954545456
도두이동,식음료,10_20,392217.509202454
도두일동,식음료,10_20,779593.2063492064
도련이동,식음료,10_20,132401.7142857143
도련일동,식음료,10_20,405162.75327510916
도순동,식음료,10_20,57135.0
도평동,식음료,10_20,22400.0
동홍동,식음료,10_20,577353.7388888889
법환동,식음료,10_20,594236.5009487666
보목동,식음료,10_20,149300.5747126437
봉개동,식음료,10_20,151487.7966101695
삼도이동,식음료,10_20,237952.7007481297
삼도일동,식음료,10_20,339673.52192982455
삼양삼동,식음료,10_20,204457.31707317074
삼양이동,식음료,10_20,368651.22463768115
삼양일동,식음료,10_20,194452.4886877828
상예동,식음료,10_20,692842.700729927
상효동,식음료,10_20,150153.33333333334
색달동,식음료,10_20,389288.2444444444
서귀동,식음료,10_20,808773.4449917899
서호동,식음료,10_20,437978.22125813446
서홍동,식음료,10_20,434100.4982206406
성산읍,식음료,10_20,564715.3097199341
신효동,식음료,10_20,151820.9090909091
아라이동,식음료,10_20,806389.7673992674
아라일동,식음료,10_20,846154.2358156028
안덕면,식음료,10_20,496996.1392931393
애월읍,식음료,10_20,554224.6933085502
연동,식음료,10_20,871220.2844827586
영평동,식음료,10_20,137033.50993377483
오등동,식음료,10_20,139002.63157894736
오라삼동,식음료,10_20,924728.1954887218
오라이동,식음료,10_20,590856.8303571428
오라일동,식음료,10_20,413035.8278145695
외도이동,식음료,10_20,177364.47368421053
외도일동,식음료,10_20,403625.8918406072
용담삼동,식음료,10_20,916078.5889570552
용담이동,식음료,10_20,743811.3218390804
용담일동,식음료,10_20,891981.6325088339
우도면,식음료,10_20,475930.3266331658
월평동,식음료,10_20,78172.3163841808
이도이동,식음료,10_20,962576.3495297806
이도일동,식음료,10_20,547782.036121673
이호이동,식음료,10_20,226629.02723735408
이호일동,식음료,10_20,521682.7388535032
일도이동,식음료,10_20,408695.4734848485
일도일동,식음료,10_20,571802.9286871961
조천읍,식음료,10_20,468004.4
중문동,식음료,10_20,341640.4
추자면,식음료,10_20,101519.48051948052
토평동,식음료,10_20,692120.4886363636
표선면,식음료,10_20,517578.75046904315
하예동,식음료,10_20,175943.11224489796
하원동,식음료,10_20,568571.3414634146
하효동,식음료,10_20,207634.75543478262
한경면,식음료,10_20,529515.392670157
한림읍,식음료,10_20,467081.0598290598
해안동,식음료,10_20,609796.6463414634
호근동,식음료,10_20,306894.3396226415
화북이동,식음료,10_20,271381.37974683545
화북일동,식음료,10_20,447547.8547717842
회수동,식음료,10_20,304729.4871794872
강정동,식음료,30_40_50,973165.570390554
건입동,식음료,30_40_50,835193.1395775941
구좌읍,식음료,30_40_50,810939.9807692308
남원읍,식음료,30_40_50,630891.9295644115
내도동,식음료,30_40_50,225400.6759098787
노형동,식음료,30_40_50,1438066.6266506603
대정읍,식음료,30_40_50,1193542.0061782878
대포동,식음료,30_40_50,1652755.8479427549
도남동,식음료,30_40_50,887269.8392857143
도두이동,식음료,30_40_50,1040277.3552859619
도두일동,식음료,30_40_50,1041198.152350081
도련이동,식음료,30_40_50,489997.7636363636
도련일동,식음료,30_40_50,837403.4092940125
도순동,식음료,30_40_50,284871.8662952646
도평동,식음료,30_40_50,39086.11111111111
동홍동,식음료,30_40_50,1042248.9566020314
법환동,식음료,30_40_50,914123.6128456735
보목동,식음료,30_40_50,549239.8870431894
봉개동,식음료,30_40_50,638535.2885682575
삼도이동,식음료,30_40_50,406967.63959854015
삼도일동,식음료,30_40_50,692596.1032986111
삼양삼동,식음료,30_40_50,745275.203508772
삼양이동,식음료,30_40_50,722245.4304267161
삼양일동,식음료,30_40_50,646608.764367816
상예동,식음료,30_40_50,1211659.918478261
상효동,식음료,30_40_50,718189.8148148148
색달동,식음료,30_40_50,759791.5298087739
서귀동,식음료,30_40_50,1268969.5249169436
서호동,식음료,30_40_50,620287.0489690722
서홍동,식음료,30_40_50,691445.866838488
성산읍,식음료,30_40_50,1215784.5813356165
신효동,식음료,30_40_50,551390.1963746224
아라이동,식음료,30_40_50,1141169.1957104558
아라일동,식음료,30_40_50,1133032.1388400702
안덕면,식음료,30_40_50,670547.8395490026
애월읍,식음료,30_40_50,1232835.3217692976
연동,식음료,30_40_50,1540918.5188679246
영평동,식음료,30_40_50,395312.3905109489
오등동,식음료,30_40_50,712077.5086505191
오라삼동,식음료,30_40_50,1531007.204610951
오라이동,식음료,30_40_50,1301736.7134268538
오라일동,식음료,30_40_50,526775.4830729166
외도이동,식음료,30_40_50,655316.835443038
외도일동,식음료,30_40_50,983715.2277486911
용담삼동,식음료,30_40_50,1265830.4805389221
용담이동,식음료,30_40_50,1212117.2209567197
용담일동,식음료,30_40_50,944184.8744827586
우도면,식음료,30_40_50,670527.5266524521
월평동,식음료,30_40_50,212866.13149847096
이도이동,식음료,30_40_50,1167432.8981900453
이도일동,식음료,30_40_50,625237.0403780069
이호이동,식음료,30_40_50,579737.5428907168
이호일동,식음료,30_40_50,841869.4476190476
일도이동,식음료,30_40_50,850882.7158524427
일도일동,식음료,30_40_50,799348.2050209205
조천읍,식음료,30_40_50,1147016.0576419213
중문동,식음료,30_40_50,728708.9965004375
추자면,식음료,30_40_50,611480.2972972973
토평동,식음료,30_40_50,1320083.3933518005
표선면,식음료,30_40_50,816027.5657894737
하예동,식음료,30_40_50,432034.0127388535
하원동,식음료,30_40_50,1485690.5829596412
하효동,식음료,30_40_50,546307.9080779945
한경면,식음료,30_40_50,604634.6316348196
한림읍,식음료,30_40_50,1193713.2937062937
해안동,식음료,30_40_50,1143298.6063348416
호근동,식음료,30_40_50,869388.5597667638
화북이동,식음료,30_40_50,698543.6997319035
화북일동,식음료,30_40_50,991968.4833483348
회수동,식음료,30_40_50,1002141.0977917981
강정동,식음료,60_70,526121.1650485437
건입동,식음료,60_70,576623.5387045813
구좌읍,식음료,60_70,511574.1047297297
남원읍,식음료,60_70,510927.35609756096
내도동,식음료,60_70,120193.77990430623
노형동,식음료,60_70,882087.3663911846
대정읍,식음료,60_70,703809.1559370529
대포동,식음료,60_70,847443.4615384615
도남동,식음료,60_70,577096.3572621035
도두이동,식음료,60_70,570836.3265306122
도두일동,식음료,60_70,1008406.6721311476
도련이동,식음료,60_70,189618.22033898305
도련일동,식음료,60_70,290891.4457831325
도순동,식음료,60_70,154151.35135135136
도평동,식음료,60_70,20055.555555555555
동홍동,식음료,60_70,575619.7158322057
법환동,식음료,60_70,557228.7429378531
보목동,식음료,60_70,390527.79456193355
봉개동,식음료,60_70,438707.223476298
삼도이동,식음료,60_70,423942.1774744027
삼도일동,식음료,60_70,513506.7749077491
삼양삼동,식음료,60_70,345225.9541984733
삼양이동,식음료,60_70,358482.2504537205
삼양일동,식음료,60_70,449370.3946587537
상예동,식음료,60_70,747009.8870056497
상효동,식음료,60_70,379100.74626865675
색달동,식음료,60_70,499731.60670194
서귀동,식음료,60_70,880090.8447293447
서호동,식음료,60_70,437652.81045751635
서홍동,식음료,60_70,373966.82018927444
성산읍,식음료,60_70,522867.9887165021
신효동,식음료,60_70,311209.7826086957
아라이동,식음료,60_70,497015.4334365325
아라일동,식음료,60_70,482656.15160349855
안덕면,식음료,60_70,389927.18333333335
애월읍,식음료,60_70,590126.3378176383
연동,식음료,60_70,809290.5799151344
영평동,식음료,60_70,172006.21468926553
오등동,식음료,60_70,646127.6923076923
오라삼동,식음료,60_70,619195.1612903225
오라이동,식음료,60_70,961685.8249158249
오라일동,식음료,60_70,536784.0793201133
외도이동,식음료,60_70,244067.86542923434
외도일동,식음료,60_70,392585.1446945338
용담삼동,식음료,60_70,931744.3972911964
용담이동,식음료,60_70,704596.382306477
용담일동,식음료,60_70,661631.4625
우도면,식음료,60_70,418993.3618843683
월평동,식음료,60_70,131643.58974358975
이도이동,식음료,60_70,797849.8567493113
이도일동,식음료,60_70,518094.7274167987
이호이동,식음료,60_70,318604.1280353201
이호일동,식음료,60_70,306458.96226415096
일도이동,식음료,60_70,623354.3201892745
일도일동,식음료,60_70,463935.9365303244
조천읍,식음료,60_70,589500.7042253522
중문동,식음료,60_70,542796.1234221599
추자면,식음료,60_70,599590.1
토평동,식음료,60_70,732033.9282700422
표선면,식음료,60_70,612704.8127853881
하예동,식음료,60_70,278828.46625766874
하원동,식음료,60_70,451635.71428571426
하효동,식음료,60_70,287237.4755381605
한경면,식음료,60_70,616705.8540925267
한림읍,식음료,60_70,652379.4149659864
해안동,식음료,60_70,604312.1353383459
호근동,식음료,60_70,499336.0718562874
화북이동,식음료,60_70,394324.91978609626
화북일동,식음료,60_70,396939.87138263666
회수동,식음료,60_70,544063.2768361582
강정동,숙박,10_20,478931.0
건입동,숙박,10_20,658029.7727272727
구좌읍,숙박,10_20,604969.5857142857
남원읍,숙박,10_20,498646.31284916203
내도동,숙박,10_20,275076.22222222225
노형동,숙박,10_20,1067925.1875
대정읍,숙박,10_20,429141.96078431373
대포동,숙박,10_20,536306.0285714286
도남동,숙박,10_20,295804.8780487805
도두이동,숙박,10_20,160544.32432432432
도두일동,숙박,10_20,271759.6
도순동,숙박,10_20,178000.0
동홍동,숙박,10_20,68666.66666666667
법환동,숙박,10_20,923082.5166666667
보목동,숙박,10_20,293923.5294117647
봉개동,숙박,10_20,147588.23529411765
삼도이동,숙박,10_20,1036149.9829059829
삼도일동,숙박,10_20,1058142.2596153845
삼양삼동,숙박,10_20,26666.666666666668
삼양이동,숙박,10_20,153141.51351351352
삼양일동,숙박,10_20,80200.0
상예동,숙박,10_20,339758.9166666667
상효동,숙박,10_20,199805.4054054054
색달동,숙박,10_20,890538.3956834532
서귀동,숙박,10_20,853160.1282051282
서호동,숙박,10_20,1487237.6511627906
서홍동,숙박,10_20,351683.48
성산읍,숙박,10_20,635205.3757225433
신효동,숙박,10_20,80000.0
아라이동,숙박,10_20,51890.375
아라일동,숙박,10_20,115021.45833333333
안덕면,숙박,10_20,1143806.2835051545
애월읍,숙박,10_20,756950.6666666666
연동,숙박,10_20,1111305.9324324324
영남동,숙박,10_20,199408.13333333333
오등동,숙박,10_20,620400.05
오라이동,숙박,10_20,51000.0
오라일동,숙박,10_20,334089.79591836734
외도이동,숙박,10_20,127254.2372881356
외도일동,숙박,10_20,730948.4603174604
용담삼동,숙박,10_20,629794.175
용담이동,숙박,10_20,563941.027027027
용담일동,숙박,10_20,243222.05479452055
우도면,숙박,10_20,177627.6595744681
이도이동,숙박,10_20,2085325.4210526317
이도일동,숙박,10_20,639130.1621621621
이호일동,숙박,10_20,228178.37837837837
일도이동,숙박,10_20,409430.55555555556
일도일동,숙박,10_20,439507.5223880597
조천읍,숙박,10_20,1169484.5321637427
중문동,숙박,10_20,972095.4444444445
추자면,숙박,10_20,199285.7142857143
토평동,숙박,10_20,348867.83116883115
표선면,숙박,10_20,640461.8102189781
하예동,숙박,10_20,489392.28125
하원동,숙박,10_20,230925.0
하효동,숙박,10_20,132500.0
한경면,숙박,10_20,158937.5945945946
한림읍,숙박,10_20,572709.8536585366
해안동,숙박,10_20,261568.81818181818
호근동,숙박,10_20,129264.74074074074
화북일동,숙박,10_20,15000.0
회수동,숙박,10_20,329397.45454545453
회천동,숙박,10_20,1106178.431372549
강정동,숙박,30_40_50,1478153.327548807
건입동,숙박,30_40_50,1051499.8378378379
구좌읍,숙박,30_40_50,745197.6147540984
남원읍,숙박,30_40_50,1037294.2941176471
내도동,숙박,30_40_50,620140.3220338983
노형동,숙박,30_40_50,1134190.9391304348
대정읍,숙박,30_40_50,1192916.3472222222
대포동,숙박,30_40_50,1294162.935483871
도남동,숙박,30_40_50,192384.61538461538
도두이동,숙박,30_40_50,288165.1219512195
도두일동,숙박,30_40_50,1164090.3969465648
도순동,숙박,30_40_50,99653.84615384616
동홍동,숙박,30_40_50,63100.0
법환동,숙박,30_40_50,734723.8527397261
보목동,숙박,30_40_50,311500.0
봉개동,숙박,30_40_50,196877.28695652174
삼도이동,숙박,30_40_50,1318954.8020833333
삼도일동,숙박,30_40_50,1369704.1182795698
삼양삼동,숙박,30_40_50,58000.0
삼양이동,숙박,30_40_50,417192.63565891475
삼양일동,숙박,30_40_50,144573.07692307694
상예동,숙박,30_40_50,834288.2903225806
상효동,숙박,30_40_50,362830.0917431193
색달동,숙박,30_40_50,1242568.2417582418
서귀동,숙박,30_40_50,680740.1582278481
서호동,숙박,30_40_50,1427476.2
서홍동,숙박,30_40_50,409707.00833333336
성산읍,숙박,30_40_50,1164791.2576271186
신효동,숙박,30_40_50,196346.15384615384
아라이동,숙박,30_40_50,56826.92307692308
아라일동,숙박,30_40_50,273015.11627906974
안덕면,숙박,30_40_50,1356507.7309941521
애월읍,숙박,30_40_50,671846.953416149
연동,숙박,30_40_50,963837.4285714285
영남동,숙박,30_40_50,431566.2450980392
오등동,숙박,30_40_50,1552848.203125
오라이동,숙박,30_40_50,437427.55555555556
오라일동,숙박,30_40_50,788938.9064748201
외도이동,숙박,30_40_50,855808.1081081082
외도일동,숙박,30_40_50,902432.9794871794
용담삼동,숙박,30_40_50,1143937.6642335767
용담이동,숙박,30_40_50,775378.6324786325
용담일동,숙박,30_40_50,446557.91964285716
우도면,숙박,30_40_50,262049.1452991453
월평동,숙박,30_40_50,260000.0
이도이동,숙박,30_40_50,2261121.9813084113
이도일동,숙박,30_40_50,1308649.743697479
이호일동,숙박,30_40_50,824934.5762711865
일도이동,숙박,30_40_50,446678.5310734463
일도일동,숙박,30_40_50,599360.5406698565
조천읍,숙박,30_40_50,940779.9552715655
중문동,숙박,30_40_50,1186976.5833333333
추자면,숙박,30_40_50,327412.4761904762
토평동,숙박,30_40_50,1316291.4587155962
표선면,숙박,30_40_50,1340193.5358649788
하예동,숙박,30_40_50,692894.6814159292
하원동,숙박,30_40_50,1608445.3125
하효동,숙박,30_40_50,204862.06896551725
한경면,숙박,30_40_50,242255.25791855203
한림읍,숙박,30_40_50,1377308.1732851986
해안동,숙박,30_40_50,713977.0421455939
호근동,숙박,30_40_50,472816.7340425532
화북일동,숙박,30_40_50,55000.0
회수동,숙박,30_40_50,1373756.347107438
회천동,숙박,30_40_50,828285.5882352941
강정동,숙박,60_70,645435.3885135135
건입동,숙박,60_70,678562.8039215687
구좌읍,숙박,60_70,397118.9743589744
남원읍,숙박,60_70,804007.8461538461
내도동,숙박,60_70,222060.60606060605
노형동,숙박,60_70,634736.4322033898
대정읍,숙박,60_70,400093.3333333333
대포동,숙박,60_70,312797.31481481483
도남동,숙박,60_70,138800.0
도두이동,숙박,60_70,205209.67741935485
도두일동,숙박,60_70,686872.5490196078
도순동,숙박,60_70,800000.0
동홍동,숙박,60_70,355000.0
법환동,숙박,60_70,447649.11818181816
보목동,숙박,60_70,158402.1739130435
봉개동,숙박,60_70,72911.76470588235
삼도이동,숙박,60_70,978657.9121621621
삼도일동,숙박,60_70,604312.9851851852
삼양삼동,숙박,60_70,96666.66666666667
삼양이동,숙박,60_70,390436.6666666667
삼양일동,숙박,60_70,132792.85714285713
상예동,숙박,60_70,1316328.4745762711
상효동,숙박,60_70,111789.6551724138
색달동,숙박,60_70,1039552.4408602151
서귀동,숙박,60_70,1028234.3557692308
서호동,숙박,60_70,717198.7903225806
서홍동,숙박,60_70,169561.66666666666
성산읍,숙박,60_70,1083123.2708333333
신효동,숙박,60_70,128000.0
아라이동,숙박,60_70,65000.0
아라일동,숙박,60_70,268164.347826087
안덕면,숙박,60_70,1130105.7965367965
애월읍,숙박,60_70,691055.4409937888
연동,숙박,60_70,1946664.1826923077
영남동,숙박,60_70,160337.5
오등동,숙박,60_70,464480.1176470588
오라이동,숙박,60_70,905685.7142857143
오라일동,숙박,60_70,304763.3333333333
외도이동,숙박,60_70,418062.9166666667
외도일동,숙박,60_70,526996.0188679246
용담삼동,숙박,60_70,537104.7619047619
용담이동,숙박,60_70,382790.5882352941
용담일동,숙박,60_70,320978.26086956525
우도면,숙박,60_70,89188.88888888889
월평동,숙박,60_70,90000.0
이도이동,숙박,60_70,834461.1481481482
이도일동,숙박,60_70,852309.1056910569
이호일동,숙박,60_70,417458.1395348837
일도이동,숙박,60_70,198905.6603773585
일도일동,숙박,60_70,311053.9090909091
조천읍,숙박,60_70,1128098.8716981132
중문동,숙박,60_70,664931.7677419354
추자면,숙박,60_70,338410.5263157895
토평동,숙박,60_70,1276810.6194690266
표선면,숙박,60_70,1142906.3056994819
하예동,숙박,60_70,353554.4411764706
하원동,숙박,60_70,1460455.2631578948
하효동,숙박,60_70,86444.44444444444
한경면,숙박,60_70,175114.2857142857
한림읍,숙박,60_70,922576.3493975904
해안동,숙박,60_70,429039.7368421053
호근동,숙박,60_70,293708.3333333333
회수동,숙박,60_70,426421.9726027397
회천동,숙박,60_70,1498233.8532110092
강정동,문화레저,10_20,391490.9090909091
건입동,문화레저,10_20,337673.9726027397
구좌읍,문화레저,10_20,64772.72727272727
남원읍,문화레저,10_20,67997.5
내도동,문화레저,10_20,52964.28571428572
노형동,문화레저,10_20,1086528.656716418
대정읍,문화레저,10_20,188800.0
도남동,문화레저,10_20,251702.32558139536
도두일동,문화레저,10_20,183567.14285714287
도련일동,문화레저,10_20,132287.09677419355
동홍동,문화레저,10_20,348083.87096774194
법환동,문화레저,10_20,80000.0
보목동,문화레저,10_20,80404.34782608696
봉개동,문화레저,10_20,15000.0
삼도이동,문화레저,10_20,329679.42307692306
삼도일동,문화레저,10_20,399084.2105263158
삼양이동,문화레저,10_20,170372.3404255319
상예동,문화레저,10_20,149385.41666666666
상효동,문화레저,10_20,35000.0
색달동,문화레저,10_20,204290.32258064515
서귀동,문화레저,10_20,1212144.2465753425
서홍동,문화레저,10_20,41444.444444444445
성산읍,문화레저,10_20,99976.4705882353
아라이동,문화레저,10_20,349250.0
아라일동,문화레저,10_20,247492.0
안덕면,문화레저,10_20,61503.27868852459
애월읍,문화레저,10_20,140769.84126984127
연동,문화레저,10_20,1677433.8636363635
영평동,문화레저,10_20,20000.0
오라삼동,문화레저,10_20,360500.0
오라이동,문화레저,10_20,98000.0
오라일동,문화레저,10_20,284273.6842105263
외도이동,문화레저,10_20,33785.71428571428
외도일동,문화레저,10_20,17303.333333333332
용담삼동,문화레저,10_20,113046.51162790698
용담이동,문화레저,10_20,143938.29787234042
용담일동,문화레저,10_20,191687.4358974359
우도면,문화레저,10_20,725154.2857142857
이도이동,문화레저,10_20,847113.7662337662
이도일동,문화레저,10_20,242441.02564102566
이호이동,문화레저,10_20,90718.75
이호일동,문화레저,10_20,75927.27272727272
일도이동,문화레저,10_20,389644.1935483871
일도일동,문화레저,10_20,1870803.482352941
조천읍,문화레저,10_20,800427.2727272727
중문동,문화레저,10_20,114883.60655737705
추자면,문화레저,10_20,38000.0
토평동,문화레저,10_20,23562.5
표선면,문화레저,10_20,146904.2168674699
하효동,문화레저,10_20,25500.0
한경면,문화레저,10_20,51725.4
한림읍,문화레저,10_20,163895.94594594595
호근동,문화레저,10_20,71764.70588235294
화북이동,문화레저,10_20,102250.0
화북일동,문화레저,10_20,85193.54838709677
강정동,문화레저,30_40_50,605556.8421052631
건입동,문화레저,30_40_50,981764.3582887701
구좌읍,문화레저,30_40_50,264940.1098901099
남원읍,문화레저,30_40_50,376232.23529411765
내도동,문화레저,30_40_50,153142.1052631579
노형동,문화레저,30_40_50,1305328.8194444445
대정읍,문화레저,30_40_50,1090085.162679426
도남동,문화레저,30_40_50,1061358.3333333333
도두일동,문화레저,30_40_50,695269.7247706422
도련일동,문화레저,30_40_50,526324.875
동홍동,문화레저,30_40_50,875242.4870466321
법환동,문화레저,30_40_50,136857.14285714287
보목동,문화레저,30_40_50,283967.2727272727
봉개동,문화레저,30_40_50,129601.65289256198
삼도이동,문화레저,30_40_50,890940.0
삼도일동,문화레저,30_40_50,1107611.9424460432
삼양이동,문화레저,30_40_50,806023.6082474227
상예동,문화레저,30_40_50,275329.1095890411
상효동,문화레저,30_40_50,95415.0
색달동,문화레저,30_40_50,1298730.7211538462
서귀동,문화레저,30_40_50,3112740.4587155962
서호동,문화레저,30_40_50,272500.0
서홍동,문화레저,30_40_50,504608.51851851854
성산읍,문화레저,30_40_50,159446.3687150838
아라이동,문화레저,30_40_50,914628.8888888889
아라일동,문화레저,30_40_50,797839.1608391608
안덕면,문화레저,30_40_50,333058.36431226763
애월읍,문화레저,30_40_50,751623.3502538071
연동,문화레저,30_40_50,3117807.0
영평동,문화레저,30_40_50,73540.98360655738
오라삼동,문화레저,30_40_50,483318.68131868134
오라이동,문화레저,30_40_50,465361.1111111111
오라일동,문화레저,30_40_50,888251.8518518518
외도이동,문화레저,30_40_50,177925.1127819549
외도일동,문화레저,30_40_50,130711.76470588235
용담삼동,문화레저,30_40_50,144491.15044247787
용담이동,문화레저,30_40_50,468212.9411764706
용담일동,문화레저,30_40_50,444965.85365853657
우도면,문화레저,30_40_50,655763.7313432836
이도이동,문화레저,30_40_50,1098586.5328947369
이도일동,문화레저,30_40_50,599539.9156118144
이호이동,문화레저,30_40_50,86308.82352941176
이호일동,문화레저,30_40_50,375849.3147208122
일도이동,문화레저,30_40_50,1020755.7062146893
일도일동,문화레저,30_40_50,2283797.777777778
조천읍,문화레저,30_40_50,1202267.2162162163
중문동,문화레저,30_40_50,788266.1971830986
추자면,문화레저,30_40_50,83385.71428571429
토평동,문화레저,30_40_50,208431.29770992367
표선면,문화레저,30_40_50,1061814.5739910314
하효동,문화레저,30_40_50,39875.0
한경면,문화레저,30_40_50,80500.32894736843
한림읍,문화레저,30_40_50,727319.1105990784
호근동,문화레저,30_40_50,45000.0
화북이동,문화레저,30_40_50,406092.3728813559
화북일동,문화레저,30_40_50,382569.1780821918
강정동,문화레저,60_70,502700.0
건입동,문화레저,60_70,856690.4132231405
구좌읍,문화레저,60_70,90106.77966101695
남원읍,문화레저,60_70,229218.68686868687
내도동,문화레저,60_70,106483.33333333333
노형동,문화레저,60_70,948580.0
대정읍,문화레저,60_70,954858.2608695652
도남동,문화레저,60_70,964714.8148148148
도두일동,문화레저,60_70,447652.688172043
도련일동,문화레저,60_70,169462.60869565216
동홍동,문화레저,60_70,704227.8846153846
법환동,문화레저,60_70,106250.0
보목동,문화레저,60_70,45437.0
봉개동,문화레저,60_70,142479.45205479453
삼도이동,문화레저,60_70,913992.2843137255
삼도일동,문화레저,60_70,806154.1095890411
삼양이동,문화레저,60_70,209525.0
상예동,문화레저,60_70,64706.89655172414
상효동,문화레저,60_70,92775.0
색달동,문화레저,60_70,578031.9672131147
서귀동,문화레저,60_70,1598776.6666666667
서홍동,문화레저,60_70,56870.833333333336
성산읍,문화레저,60_70,129035.0
아라이동,문화레저,60_70,559752.6315789474
아라일동,문화레저,60_70,909048.0
안덕면,문화레저,60_70,272981.3043478261
애월읍,문화레저,60_70,299794.3396226415
연동,문화레저,60_70,1774886.8804347827
영평동,문화레저,60_70,84863.63636363637
오라삼동,문화레저,60_70,372888.8888888889
오라이동,문화레저,60_70,202750.0
오라일동,문화레저,60_70,840842.3376623377
외도이동,문화레저,60_70,67333.33333333333
외도일동,문화레저,60_70,125000.0
용담삼동,문화레저,60_70,370857.14285714284
용담이동,문화레저,60_70,255769.64285714287
용담일동,문화레저,60_70,314467.9487179487
우도면,문화레저,60_70,175542.37288135593
이도이동,문화레저,60_70,683542.7619047619
이도일동,문화레저,60_70,988148.9898989899
이호이동,문화레저,60_70,63214.28571428572
이호일동,문화레저,60_70,219847.4358974359
일도이동,문화레저,60_70,851438.8392857143
일도일동,문화레저,60_70,1815543.125
조천읍,문화레저,60_70,180711.9266055046
중문동,문화레저,60_70,339625.2252252252
추자면,문화레저,60_70,294692.3076923077
토평동,문화레저,60_70,130850.0
표선면,문화레저,60_70,214270.4347826087
하효동,문화레저,60_70,34000.0
한경면,문화레저,60_70,44687.5
한림읍,문화레저,60_70,327809.48039215687
화북이동,문화레저,60_70,170647.0588235294
화북일동,문화레저,60_70,249000.0
