,년월,시도명,읍면동명,업종명,이용자수,이용금액,총 유동인구
14,2018-01,서귀포시,남원읍,숙박,185,21222900,15559582.61
814,2018-01,제주시,외도동,숙박,1235,71001700,10339083.3
789,2018-01,제주시,오라동,숙박,361,78629000,19417674.89
773,2018-01,제주시,연동,숙박,3916,1229481564,55595923.86
758,2018-01,제주시,연동,숙박,6261,760550933,55595923.86
740,2018-01,제주시,애월읍,숙박,56,7578008,40822918.85
738,2018-01,제주시,애월읍,숙박,34,4420000,40822918.85
725,2018-01,제주시,애월읍,숙박,2284,320499754,40822918.85
826,2018-01,제주시,외도동,숙박,168,55168370,10339083.3
697,2018-01,제주시,아라동,숙박,301,31664504,34700908.53
654,2018-01,제주시,삼도2동,숙박,2055,483267245,7661265.906
644,2018-01,제주시,삼도2동,숙박,1147,34281753,7661265.906
626,2018-01,제주시,삼도1동,숙박,305,81268732,11922468.38
613,2018-01,제주시,삼도1동,숙박,706,48118300,11922468.38
598,2018-01,제주시,봉개동,숙박,1858,278187400,5530947.296
589,2018-01,제주시,봉개동,숙박,96,2982870,5530947.296
567,2018-01,제주시,도두동,숙박,275,88051290,3909025.986
669,2018-01,제주시,삼양동,숙박,208,29847160,18073463.18
856,2018-01,제주시,용담1동,숙박,50,14673000,8297165.637
870,2018-01,제주시,용담2동,숙박,396,45317886,18246425.72
892,2018-01,제주시,우도면,숙박,63,3095600,1599777.085
1154,2018-01,제주시,화북동,숙박,1,50000,26071733.11
1139,2018-01,제주시,한림읍,숙박,172,20978600,21344447.95
1126,2018-01,제주시,한림읍,숙박,1446,212245570,21344447.95
1110,2018-01,제주시,한경면,숙박,9,887000,6465975.054
1098,2018-01,제주시,한경면,숙박,91,4050900,6465975.054
1076,2018-01,제주시,추자면,숙박,32,8996000,1796079.171
1069,2018-01,제주시,조천읍,숙박,3103,387370960,22137393.64
1067,2018-01,제주시,조천읍,숙박,108,23027000,22137393.64
1055,2018-01,제주시,조천읍,숙박,1700,155220089,22137393.64
1038,2018-01,제주시,일도2동,숙박,24,9001000,30822257.35
1026,2018-01,제주시,일도2동,숙박,241,20878000,30822257.35
1008,2018-01,제주시,일도1동,숙박,21,1654400,3489566.8260000004
997,2018-01,제주시,일도1동,숙박,482,48488800,3489566.8260000004
973,2018-01,제주시,이호동,숙박,127,37515100,4708526.847
946,2018-01,제주시,이도2동,숙박,1391,147135539,61542277.26
929,2018-01,제주시,이도1동,숙박,1183,316614190,11734115.4
917,2018-01,제주시,이도1동,숙박,412,19312650,11734115.4
555,2018-01,제주시,노형동,숙박,52,18061760,57307567.03
553,2018-01,제주시,노형동,숙박,131,9765000,57307567.03
843,2018-01,제주시,용담1동,숙박,167,22893000,8297165.637
520,2018-01,제주시,구좌읍,숙박,16,678100,14287903.32
236,2018-01,서귀포시,안덕면,숙박,4848,128561090,18587691.57
219,2018-01,서귀포시,송산동,숙박,7,1010000,21188818.56
217,2018-01,서귀포시,송산동,숙박,688,93354785,21188818.56
204,2018-01,서귀포시,송산동,숙박,3816,611042170,21188818.56
187,2018-01,서귀포시,성산읍,숙박,1670,200158747,15980584.65
185,2018-01,서귀포시,성산읍,숙박,33,1920000,15980584.65
173,2018-01,서귀포시,성산읍,숙박,2034,190504458,15980584.65
147,2018-01,서귀포시,서홍동,숙박,47,2363600,6487279.695
123,2018-01,서귀포시,동홍동,숙박,110,9283500,18264222.17
108,2018-01,서귀포시,대천동,숙박,711,89009978,9229592.656
106,2018-01,서귀포시,대천동,숙박,288,33438630,9229592.656
95,2018-01,서귀포시,대천동,숙박,744,194228980,9229592.656
71,2018-01,서귀포시,대정읍,숙박,487,51836600,17485798.33
56,2018-01,서귀포시,대륜동,숙박,48,99405500,15981159.24
54,2018-01,서귀포시,대륜동,숙박,26,9608000,15981159.24
42,2018-01,서귀포시,대륜동,숙박,1299,152014337,15981159.24
539,2018-01,제주시,노형동,숙박,1530,192868384,57307567.03
249,2018-01,서귀포시,안덕면,숙박,3601,382904736,18587691.57
259,2018-01,서귀포시,영천동,숙박,195,9125600,6073651.207
27,2018-01,서귀포시,남원읍,숙박,3559,184375670,15559582.61
507,2018-01,제주시,구좌읍,숙박,241,14277200,14287903.32
267,2018-01,서귀포시,영천동,숙박,649,89739785,6073651.207
491,2018-01,제주시,건입동,숙박,34,1580000,10891053.62
479,2018-01,제주시,건입동,숙박,1744,202051356,10891053.62
456,2018-01,서귀포시,효돈동,숙박,8,12273000,4123773.745
446,2018-01,서귀포시,표선면,숙박,1356,184916860,11046152.56
416,2018-01,서귀포시,천지동,숙박,39,3615000,8824750.432
403,2018-01,서귀포시,천지동,숙박,3715,600619170,8824750.432
385,2018-01,서귀포시,중앙동,숙박,39,3615000,5178366.488
432,2018-01,서귀포시,표선면,숙박,464,33607176,11046152.56
356,2018-01,서귀포시,중문동,숙박,187,28903784,9311094.464
343,2018-01,서귀포시,중문동,숙박,1517,268045425,9311094.464
325,2018-01,서귀포시,정방동,숙박,39,3615000,5340965.659
268,2018-01,서귀포시,영천동,숙박,7,1010000,6073651.207
313,2018-01,서귀포시,정방동,숙박,3668,598255570,5340965.659
297,2018-01,서귀포시,예래동,숙박,209,97571744,8508221.576
295,2018-01,서귀포시,예래동,숙박,5423,1765693775,8508221.576
283,2018-01,서귀포시,예래동,숙박,1463,357162302,8508221.576
373,2018-01,서귀포시,중앙동,숙박,3668,598255570,5178366.488
1894,2018-02,제주시,애월읍,숙박,1783,217918413,35726452.19
1907,2018-02,제주시,애월읍,숙박,78,8382500,35726452.19
1958,2018-02,제주시,오라동,숙박,230,22784000,17523941.65
1927,2018-02,제주시,연동,숙박,5092,618085813,49000378.47
1942,2018-02,제주시,연동,숙박,3690,1269659631,49000378.47
1866,2018-02,제주시,아라동,숙박,294,49013694,30713771.55
1909,2018-02,제주시,애월읍,숙박,51,6980000,35726452.19
1838,2018-02,제주시,삼양동,숙박,174,13850604,16825461.11
1724,2018-02,제주시,노형동,숙박,92,5795000,50212724.54
1812,2018-02,제주시,삼도2동,숙박,980,28717562,6747760.061000001
1794,2018-02,제주시,삼도1동,숙박,271,34958691,10602680.62
1781,2018-02,제주시,삼도1동,숙박,598,42672312,10602680.62
1766,2018-02,제주시,봉개동,숙박,1258,168107900,4525419.608
1758,2018-02,제주시,봉개동,숙박,95,5044950,4525419.608
1737,2018-02,제주시,도두동,숙박,196,79310693,3303408.328
1726,2018-02,제주시,노형동,숙박,35,18190600,50212724.54
1984,2018-02,제주시,외도동,숙박,922,48346240,8805047.683
1823,2018-02,제주시,삼도2동,숙박,1688,500017692,6747760.061000001
1996,2018-02,제주시,외도동,숙박,146,24647056,8805047.683
2177,2018-02,제주시,일도1동,숙박,36,2517000,3110511.747
2025,2018-02,제주시,용담1동,숙박,35,9870000,7544084.295
2306,2018-02,제주시,한림읍,숙박,110,13140250,18461802.8
2293,2018-02,제주시,한림읍,숙박,1174,129372800,18461802.8
2277,2018-02,제주시,한경면,숙박,7,715000,5884051.572000001
2265,2018-02,제주시,한경면,숙박,98,6131500,5884051.572000001
2244,2018-02,제주시,추자면,숙박,31,3783000,1449205.24
2238,2018-02,제주시,조천읍,숙박,1978,248057910,19010257.8
2236,2018-02,제주시,조천읍,숙박,79,6049010,19010257.8
2224,2018-02,제주시,조천읍,숙박,1113,101298863,19010257.8
2207,2018-02,제주시,일도2동,숙박,20,2902000,28251765.75
2195,2018-02,제주시,일도2동,숙박,219,15386000,28251765.75
2166,2018-02,제주시,일도1동,숙박,403,23436700,3110511.747
2141,2018-02,제주시,이호동,숙박,88,21293560,4227222.954
2114,2018-02,제주시,이도2동,숙박,1244,160981497,55069282.47
2097,2018-02,제주시,이도1동,숙박,1011,298695270,10518265.35
2086,2018-02,제주시,이도1동,숙박,417,17360100,10518265.35
2061,2018-02,제주시,우도면,숙박,82,2640000,1438287.186
2039,2018-02,제주시,용담2동,숙박,237,21765350,16192668.17
2012,2018-02,제주시,용담1동,숙박,141,10770900,7544084.295
1710,2018-02,제주시,노형동,숙박,1231,216902487,50212724.54
1421,2018-02,서귀포시,안덕면,숙박,3391,392222017,16522569.39
1678,2018-02,제주시,구좌읍,숙박,182,11501450,12646801.62
1389,2018-02,서귀포시,송산동,숙박,658,224105423,18763956.04
1376,2018-02,서귀포시,송산동,숙박,3018,555112077,18763956.04
1359,2018-02,서귀포시,성산읍,숙박,1362,121890856,13875723.07
1357,2018-02,서귀포시,성산읍,숙박,27,1450000,13875723.07
1345,2018-02,서귀포시,성산읍,숙박,1642,141143982,13875723.07
1319,2018-02,서귀포시,서홍동,숙박,21,4258000,5799798.696
1294,2018-02,서귀포시,동홍동,숙박,91,13093500,16226998.8
1391,2018-02,서귀포시,송산동,숙박,1,150000,18763956.04
1279,2018-02,서귀포시,대천동,숙박,642,91484276,7477152.528
1266,2018-02,서귀포시,대천동,숙박,587,205157755,7477152.528
1240,2018-02,서귀포시,대정읍,숙박,393,31958036,15506929.03
1225,2018-02,서귀포시,대륜동,숙박,36,36217500,14123407.92
1223,2018-02,서귀포시,대륜동,숙박,14,8553260,14123407.92
1211,2018-02,서귀포시,대륜동,숙박,1004,155194085,14123407.92
1195,2018-02,서귀포시,남원읍,숙박,1967,151001120,13128211.65
1691,2018-02,제주시,구좌읍,숙박,31,1310600,12646801.62
1277,2018-02,서귀포시,대천동,숙박,208,8720220,7477152.528
1408,2018-02,서귀포시,안덕면,숙박,3701,123168827,16522569.39
1182,2018-02,서귀포시,남원읍,숙박,129,9369000,13128211.65
1661,2018-02,제주시,건입동,숙박,34,2340000,9867498.851
1649,2018-02,제주시,건입동,숙박,1396,207370662,9867498.851
1627,2018-02,서귀포시,효돈동,숙박,4,591000,3691113.858
1617,2018-02,서귀포시,표선면,숙박,1045,159138290,9594845.562
1604,2018-02,서귀포시,표선면,숙박,373,30709600,9594845.562
1431,2018-02,서귀포시,영천동,숙박,133,7536700,5309482.9180000005
1575,2018-02,서귀포시,천지동,숙박,2918,542958377,7478481.719
1557,2018-02,서귀포시,중앙동,숙박,41,3050000,4605460.221
1545,2018-02,서귀포시,중앙동,숙박,2897,538700377,4605460.221
1588,2018-02,서귀포시,천지동,숙박,41,3050000,7478481.719
1515,2018-02,서귀포시,중문동,숙박,1080,178926499,7984257.047999999
1497,2018-02,서귀포시,정방동,숙박,41,3050000,4397784.603
1485,2018-02,서귀포시,정방동,숙박,2897,538700377,4397784.603
1469,2018-02,서귀포시,예래동,숙박,152,48885288,7274625.797
1467,2018-02,서귀포시,예래동,숙박,4407,1636544841,7274625.797
1455,2018-02,서귀포시,예래동,숙박,1215,356730634,7274625.797
1440,2018-02,서귀포시,영천동,숙박,1,150000,5309482.9180000005
1439,2018-02,서귀포시,영천동,숙박,617,221055423,5309482.9180000005
1528,2018-02,서귀포시,중문동,숙박,151,17527356,7984257.047999999
3060,2018-03,제주시,애월읍,숙박,2228,292992539,41323045.96
3073,2018-03,제주시,애월읍,숙박,93,18640210,41323045.96
3075,2018-03,제주시,애월읍,숙박,44,6241000,41323045.96
3150,2018-03,제주시,외도동,숙박,965,63937490,9204741.07
3108,2018-03,제주시,연동,숙박,3588,1161599983,53699494.59
3124,2018-03,제주시,오라동,숙박,319,19669500,18740739.8
3093,2018-03,제주시,연동,숙박,6535,777036504,53699494.59
3032,2018-03,제주시,아라동,숙박,329,50809598,41082396.67
2892,2018-03,제주시,노형동,숙박,55,32378200,56048028.84
2989,2018-03,제주시,삼도2동,숙박,1795,530974095,7240540.864
2978,2018-03,제주시,삼도2동,숙박,923,24944214,7240540.864
2960,2018-03,제주시,삼도1동,숙박,298,44318168,10895608.97
2947,2018-03,제주시,삼도1동,숙박,709,44532112,10895608.97
2932,2018-03,제주시,봉개동,숙박,1561,235308150,5928778.43
2924,2018-03,제주시,봉개동,숙박,73,3741000,5928778.43
2903,2018-03,제주시,도두동,숙박,301,93119220,3613414.733
3178,2018-03,제주시,용담1동,숙박,130,10539800,7915417.487000001
3004,2018-03,제주시,삼양동,숙박,218,17291560,17516511.18
3191,2018-03,제주시,용담1동,숙박,47,25609000,7915417.487000001
3372,2018-03,제주시,일도2동,숙박,29,2405000,28735651.28
3226,2018-03,제주시,우도면,숙박,89,2058000,1683160.5
3485,2018-03,제주시,화북동,숙박,1,60000,25372032.6
3471,2018-03,제주시,한림읍,숙박,147,21021998,21476906.5
3458,2018-03,제주시,한림읍,숙박,1536,115605910,21476906.5
3442,2018-03,제주시,한경면,숙박,10,858000,6670145.615
3431,2018-03,제주시,한경면,숙박,136,6658000,6670145.615
3410,2018-03,제주시,추자면,숙박,56,8009600,1818137.389
3403,2018-03,제주시,조천읍,숙박,2940,365360020,21454573.88
3204,2018-03,제주시,용담2동,숙박,381,35480776,17070618.96
3401,2018-03,제주시,조천읍,숙박,84,12050135,21454573.88
3360,2018-03,제주시,일도2동,숙박,243,11998000,28735651.28
3343,2018-03,제주시,일도1동,숙박,43,3284000,3292449.542
3332,2018-03,제주시,일도1동,숙박,424,39727900,3292449.542
3307,2018-03,제주시,이호동,숙박,100,20509620,4631756.927
3279,2018-03,제주시,이도2동,숙박,1290,157863650,58798733.2
3262,2018-03,제주시,이도1동,숙박,1034,337369810,11116779.64
3251,2018-03,제주시,이도1동,숙박,457,19176595,11116779.64
3389,2018-03,제주시,조천읍,숙박,1442,153887333,21454573.88
2890,2018-03,제주시,노형동,숙박,134,8845000,56048028.84
3163,2018-03,제주시,외도동,숙박,182,44433866,9204741.07
2857,2018-03,제주시,구좌읍,숙박,35,1226500,14445863.39
2577,2018-03,서귀포시,안덕면,숙박,3541,145822931,18449755.43
2558,2018-03,서귀포시,송산동,숙박,688,107195340,19507659.5
2545,2018-03,서귀포시,송산동,숙박,3358,458964127,19507659.5
2528,2018-03,서귀포시,성산읍,숙박,1536,146359727,15086999.53
2526,2018-03,서귀포시,성산읍,숙박,30,1850000,15086999.53
2514,2018-03,서귀포시,성산읍,숙박,1919,134372301,15086999.53
2487,2018-03,서귀포시,서홍동,숙박,22,1947300,6113981.677999999
2590,2018-03,서귀포시,안덕면,숙박,3210,672154201,18449755.43
2461,2018-03,서귀포시,동홍동,숙박,101,4549300,17088946.59
2444,2018-03,서귀포시,대천동,숙박,231,15882568,7961894.743
2433,2018-03,서귀포시,대천동,숙박,764,74044002,7961894.743
2407,2018-03,서귀포시,대정읍,숙박,475,38020700,16742133.82
2391,2018-03,서귀포시,대륜동,숙박,36,5935500,15370138.36
2389,2018-03,서귀포시,대륜동,숙박,14,7911900,15370138.36
2377,2018-03,서귀포시,대륜동,숙박,1277,146058635,15370138.36
2361,2018-03,서귀포시,남원읍,숙박,2503,152617116,13733964.81
2446,2018-03,서귀포시,대천동,숙박,820,102121031,7961894.743
2601,2018-03,서귀포시,영천동,숙박,178,8911100,5923939.302
2348,2018-03,서귀포시,남원읍,숙박,172,16762800,13733964.81
2624,2018-03,서귀포시,예래동,숙박,1285,312211459,7639190.35
2844,2018-03,제주시,구좌읍,숙박,338,17956460,14445863.39
2828,2018-03,제주시,건입동,숙박,52,3950000,10491724.92
2815,2018-03,제주시,건입동,숙박,1646,209200556,10491724.92
2792,2018-03,서귀포시,효돈동,숙박,5,7576000,3621791.829
2784,2018-03,서귀포시,표선면,숙박,1164,151953970,10952216.85
2609,2018-03,서귀포시,영천동,숙박,650,104810340,5923939.302
2755,2018-03,서귀포시,천지동,숙박,38,2385000,7812578.766
2742,2018-03,서귀포시,천지동,숙박,3248,451354127,7812578.766
2771,2018-03,서귀포시,표선면,숙박,466,41615166,10952216.85
2713,2018-03,서귀포시,중앙동,숙박,3226,449406827,4974397.775
2696,2018-03,서귀포시,중문동,숙박,202,30117471,8846633.561
2683,2018-03,서귀포시,중문동,숙박,1249,259816403,8846633.561
2665,2018-03,서귀포시,정방동,숙박,38,2385000,4353705.853
2654,2018-03,서귀포시,정방동,숙박,3226,449406827,4353705.853
2638,2018-03,서귀포시,예래동,숙박,161,45440554,7639190.35
2636,2018-03,서귀포시,예래동,숙박,4903,1491604749,7639190.35
2876,2018-03,제주시,노형동,숙박,1476,226346438,56048028.84
2724,2018-03,서귀포시,중앙동,숙박,38,2385000,4974397.775
4319,2018-04,제주시,외도동,숙박,898,69070000,9634779.526
4293,2018-04,제주시,오라동,숙박,360,27394400,17742031.38
4277,2018-04,제주시,연동,숙박,3993,1535009532,52209291.97
4262,2018-04,제주시,연동,숙박,7058,1026840529,52209291.97
4244,2018-04,제주시,애월읍,숙박,65,9006000,40883068.79
4242,2018-04,제주시,애월읍,숙박,35,17019500,40883068.79
4229,2018-04,제주시,애월읍,숙박,3082,357118213,40883068.79
4074,2018-04,제주시,도두동,숙박,288,88244110,4026787.232
4174,2018-04,제주시,삼양동,숙박,139,14015460,17069522.19
4158,2018-04,제주시,삼도2동,숙박,1852,835120269,7093024.755
4148,2018-04,제주시,삼도2동,숙박,960,29051309,7093024.755
4131,2018-04,제주시,삼도1동,숙박,311,105464125,10567451.0
4118,2018-04,제주시,삼도1동,숙박,669,39994038,10567451.0
4103,2018-04,제주시,봉개동,숙박,2206,321177450,6595973.813999999
4095,2018-04,제주시,봉개동,숙박,85,13900800,6595973.813999999
4331,2018-04,제주시,외도동,숙박,139,69205118,9634779.526
4201,2018-04,제주시,아라동,숙박,447,105663827,41217637.72
4348,2018-04,제주시,용담1동,숙박,164,20118400,7492333.022999999
4532,2018-04,제주시,일도2동,숙박,213,11226000,27340972.11
4374,2018-04,제주시,용담2동,숙박,470,50615391,17913433.75
4062,2018-04,제주시,노형동,숙박,53,44727000,54755872.87
4642,2018-04,제주시,한림읍,숙박,167,26608574,21975919.57
4629,2018-04,제주시,한림읍,숙박,1855,153916900,21975919.57
4613,2018-04,제주시,한경면,숙박,15,2055034,6857575.278
4601,2018-04,제주시,한경면,숙박,128,6129300,6857575.278
4581,2018-04,제주시,추자면,숙박,69,10170000,2001860.03
4575,2018-04,제주시,조천읍,숙박,2651,404516670,22532935.04
4573,2018-04,제주시,조천읍,숙박,162,36910067,22532935.04
4561,2018-04,제주시,조천읍,숙박,1679,176008038,22532935.04
4544,2018-04,제주시,일도2동,숙박,31,3275000,27340972.11
4514,2018-04,제주시,일도1동,숙박,46,3297900,3261895.474
4503,2018-04,제주시,일도1동,숙박,435,47616200,3261895.474
4478,2018-04,제주시,이호동,숙박,138,50371000,4665546.2360000005
4450,2018-04,제주시,이도2동,숙박,1471,270839136,56650019.36
4433,2018-04,제주시,이도1동,숙박,1001,360613200,10782819.68
4422,2018-04,제주시,이도1동,숙박,496,20911239,10782819.68
4397,2018-04,제주시,우도면,숙박,144,3884500,1778445.281
4361,2018-04,제주시,용담1동,숙박,68,8568674,7492333.022999999
4060,2018-04,제주시,노형동,숙박,143,10899800,54755872.87
4656,2018-04,제주시,화북동,숙박,2,325000,24324641.72
4027,2018-04,제주시,구좌읍,숙박,52,2767400,15202471.2
3722,2018-04,서귀포시,송산동,숙박,759,141493915,19133059.8
3709,2018-04,서귀포시,송산동,숙박,3749,569759396,19133059.8
3692,2018-04,서귀포시,성산읍,숙박,2155,252943328,16038613.8
3690,2018-04,서귀포시,성산읍,숙박,39,2750000,16038613.8
3678,2018-04,서귀포시,성산읍,숙박,2131,166350576,16038613.8
3652,2018-04,서귀포시,서홍동,숙박,32,3647300,5676609.815
3627,2018-04,서귀포시,동홍동,숙박,153,9171000,16574954.36
3612,2018-04,서귀포시,대천동,숙박,951,113675346,8096265.193
3610,2018-04,서귀포시,대천동,숙박,264,31144684,8096265.193
3599,2018-04,서귀포시,대천동,숙박,938,127743543,8096265.193
3585,2018-04,서귀포시,대정읍,숙박,1,500000,16980038.02
3572,2018-04,서귀포시,대정읍,숙박,614,48674450,16980038.02
3557,2018-04,서귀포시,대륜동,숙박,78,24208500,15453296.13
3555,2018-04,서귀포시,대륜동,숙박,21,8510000,15453296.13
3543,2018-04,서귀포시,대륜동,숙박,1323,220413718,15453296.13
3527,2018-04,서귀포시,남원읍,숙박,3458,359195312,14006335.55
3514,2018-04,서귀포시,남원읍,숙박,197,21887600,14006335.55
3741,2018-04,서귀포시,안덕면,숙박,3853,125176359,19320837.56
3754,2018-04,서귀포시,안덕면,숙박,2251,458275824,19320837.56
4046,2018-04,제주시,노형동,숙박,1477,375246511,54755872.87
3773,2018-04,서귀포시,영천동,숙박,706,138683915,5926542.917
4014,2018-04,제주시,구좌읍,숙박,572,40705169,15202471.2
3998,2018-04,제주시,건입동,숙박,65,3728000,10410051.8
3985,2018-04,제주시,건입동,숙박,1684,323990356,10410051.8
3961,2018-04,서귀포시,효돈동,숙박,5,2615000,3537416.51
3951,2018-04,서귀포시,표선면,숙박,1677,220986620,11992523.07
3765,2018-04,서귀포시,영천동,숙박,197,10090490,5926542.917
3922,2018-04,서귀포시,천지동,숙박,53,2810000,7557925.972
3909,2018-04,서귀포시,천지동,숙박,3573,558574406,7557925.972
3938,2018-04,서귀포시,표선면,숙박,443,47556444,11992523.07
3879,2018-04,서귀포시,중앙동,숙박,3541,554927106,4775833.555
3862,2018-04,서귀포시,중문동,숙박,233,47214700,9007426.571
3849,2018-04,서귀포시,중문동,숙박,1882,409850969,9007426.571
3831,2018-04,서귀포시,정방동,숙박,53,2810000,4506471.921
3819,2018-04,서귀포시,정방동,숙박,3541,554927106,4506471.921
3803,2018-04,서귀포시,예래동,숙박,248,78964550,8611610.035
3801,2018-04,서귀포시,예래동,숙박,4788,1635018628,8611610.035
3789,2018-04,서귀포시,예래동,숙박,1351,332515157,8611610.035
3891,2018-04,서귀포시,중앙동,숙박,53,2810000,4775833.555
5466,2018-05,제주시,오라동,숙박,349,25837800,17969738.37
5450,2018-05,제주시,연동,숙박,4754,1599349084,53418044.62
5435,2018-05,제주시,연동,숙박,6655,992396025,53418044.62
5417,2018-05,제주시,애월읍,숙박,49,7403930,41377708.15
5415,2018-05,제주시,애월읍,숙박,57,9012000,41377708.15
5402,2018-05,제주시,애월읍,숙박,4477,464306438,41377708.15
5374,2018-05,제주시,아라동,숙박,440,115221116,42148328.61
5232,2018-05,제주시,노형동,숙박,48,46463000,56387136.25
5330,2018-05,제주시,삼도2동,숙박,1838,789666679,7378358.319
5319,2018-05,제주시,삼도2동,숙박,922,31999144,7378358.319
5302,2018-05,제주시,삼도1동,숙박,322,46465008,11006780.74
5289,2018-05,제주시,삼도1동,숙박,628,35464400,11006780.74
5274,2018-05,제주시,봉개동,숙박,2156,261371850,6637004.476
5266,2018-05,제주시,봉개동,숙박,80,3082000,6637004.476
5244,2018-05,제주시,도두동,숙박,270,107872300,4197776.136
5492,2018-05,제주시,외도동,숙박,842,68099265,10365647.65
5346,2018-05,제주시,삼양동,숙박,166,26375400,17950054.82
5505,2018-05,제주시,외도동,숙박,166,62989410,10365647.65
5687,2018-05,제주시,일도1동,숙박,45,4020000,3460020.6210000003
5533,2018-05,제주시,용담1동,숙박,56,14259000,7715098.532000001
5230,2018-05,제주시,노형동,숙박,162,14328500,56387136.25
5805,2018-05,제주시,한림읍,숙박,1883,139494550,22570799.82
5789,2018-05,제주시,한경면,숙박,13,1634226,6787944.065
5777,2018-05,제주시,한경면,숙박,138,7585400,6787944.065
5756,2018-05,제주시,추자면,숙박,87,18185000,1925753.577
5749,2018-05,제주시,조천읍,숙박,2923,455441030,23722642.04
5747,2018-05,제주시,조천읍,숙박,135,19752280,23722642.04
5734,2018-05,제주시,조천읍,숙박,1576,193526793,23722642.04
5717,2018-05,제주시,일도2동,숙박,24,1985000,28291659.08
5705,2018-05,제주시,일도2동,숙박,208,9936000,28291659.08
5676,2018-05,제주시,일도1동,숙박,411,35372766,3460020.6210000003
5651,2018-05,제주시,이호동,숙박,144,27438880,4840904.025
5623,2018-05,제주시,이도2동,숙박,1297,185105813,58471100.35
5606,2018-05,제주시,이도1동,숙박,1027,315485440,11021965.5
5595,2018-05,제주시,이도1동,숙박,498,22669250,11021965.5
5569,2018-05,제주시,우도면,숙박,447,7202500,1739751.189
5546,2018-05,제주시,용담2동,숙박,459,45704393,18540706.78
5521,2018-05,제주시,용담1동,숙박,134,13074635,7715098.532000001
5818,2018-05,제주시,한림읍,숙박,173,22246334,22570799.82
5197,2018-05,제주시,구좌읍,숙박,37,1307800,15925246.33
5184,2018-05,제주시,구좌읍,숙박,683,56331410,15925246.33
4878,2018-05,서귀포시,송산동,숙박,3352,410964687,19801200.45
4861,2018-05,서귀포시,성산읍,숙박,2584,269305724,16472523.46
4859,2018-05,서귀포시,성산읍,숙박,20,980000,16472523.46
4847,2018-05,서귀포시,성산읍,숙박,2101,177443030,16472523.46
4820,2018-05,서귀포시,서홍동,숙박,27,3595000,5966865.507
4796,2018-05,서귀포시,동홍동,숙박,130,10206000,17156380.01
4779,2018-05,서귀포시,대천동,숙박,249,26309413,8564818.4
4891,2018-05,서귀포시,송산동,숙박,726,213332370,19801200.45
4767,2018-05,서귀포시,대천동,숙박,959,123533610,8564818.4
4741,2018-05,서귀포시,대정읍,숙박,540,44859300,17518511.84
4726,2018-05,서귀포시,대륜동,숙박,49,3605500,16147389.53
4724,2018-05,서귀포시,대륜동,숙박,20,8965800,16147389.53
4712,2018-05,서귀포시,대륜동,숙박,1257,227993124,16147389.53
4697,2018-05,서귀포시,남원읍,숙박,3477,222539595,14435932.14
4684,2018-05,서귀포시,남원읍,숙박,254,37540110,14435932.14
5216,2018-05,제주시,노형동,숙박,1431,287798143,56387136.25
4753,2018-05,서귀포시,대정읍,숙박,1,240000,17518511.84
4910,2018-05,서귀포시,안덕면,숙박,4186,142915242,20044455.11
4781,2018-05,서귀포시,대천동,숙박,844,95335443,8564818.4
4934,2018-05,서귀포시,영천동,숙박,212,11557000,6099006.025
4923,2018-05,서귀포시,안덕면,숙박,3943,862278279,20044455.11
5155,2018-05,제주시,건입동,숙박,1602,296691953,10727353.15
5131,2018-05,서귀포시,효돈동,숙박,18,3186000,3721197.76
5120,2018-05,서귀포시,표선면,숙박,1865,289792636,12127852.55
5107,2018-05,서귀포시,표선면,숙박,457,44486305,12127852.55
5091,2018-05,서귀포시,천지동,숙박,46,2333000,7978947.193
5078,2018-05,서귀포시,천지동,숙박,3202,398929187,7978947.193
5060,2018-05,서귀포시,중앙동,숙박,46,2333000,5025103.24
5048,2018-05,서귀포시,중앙동,숙박,3175,395334187,5025103.24
5168,2018-05,제주시,건입동,숙박,46,2558000,10727353.15
5018,2018-05,서귀포시,중문동,숙박,2185,509464237,9430477.924
5000,2018-05,서귀포시,정방동,숙박,46,2333000,4796610.068
4988,2018-05,서귀포시,정방동,숙박,3175,395334187,4796610.068
4972,2018-05,서귀포시,예래동,숙박,258,91130175,9135207.348
4970,2018-05,서귀포시,예래동,숙박,6716,2708190368,9135207.348
4958,2018-05,서귀포시,예래동,숙박,1343,330943814,9135207.348
4942,2018-05,서귀포시,영천동,숙박,680,210999370,6099006.025
5031,2018-05,서귀포시,중문동,숙박,220,37917756,9430477.924
6686,2018-06,제주시,외도동,숙박,173,46252528,10477008.91
6672,2018-06,제주시,외도동,숙박,735,36073719,10477008.91
6646,2018-06,제주시,오라동,숙박,292,16360800,17249957.46
6630,2018-06,제주시,연동,숙박,4716,1836084249,51851181.82
6615,2018-06,제주시,연동,숙박,6047,948907997,51851181.82
6597,2018-06,제주시,애월읍,숙박,63,6752000,40707515.05
6595,2018-06,제주시,애월읍,숙박,37,4208000,40707515.05
6582,2018-06,제주시,애월읍,숙박,5251,530694223,40707515.05
6482,2018-06,제주시,삼도1동,숙박,272,78957347,10966481.79
6526,2018-06,제주시,삼양동,숙박,141,29528920,17853034.19
6510,2018-06,제주시,삼도2동,숙박,1756,606658864,7176725.825
6499,2018-06,제주시,삼도2동,숙박,809,23815914,7176725.825
6469,2018-06,제주시,삼도1동,숙박,653,50473342,10966481.79
6454,2018-06,제주시,봉개동,숙박,2303,297944160,5912220.123
6446,2018-06,제주시,봉개동,숙박,71,5347575,5912220.123
6425,2018-06,제주시,도두동,숙박,345,65568600,3937206.088
6554,2018-06,제주시,아라동,숙박,379,118075833,40176975.45
6702,2018-06,제주시,용담1동,숙박,155,21049400,7450253.45
6413,2018-06,제주시,노형동,숙박,43,36476200,54592600.24
6729,2018-06,제주시,용담2동,숙박,450,42060504,17867087.63
7002,2018-06,제주시,한림읍,숙박,172,28019598,22100898.48
7000,2018-06,제주시,한림읍,숙박,1,420000,22100898.48
6988,2018-06,제주시,한림읍,숙박,1994,154064286,22100898.48
6972,2018-06,제주시,한경면,숙박,35,2495264,6678898.717999999
6960,2018-06,제주시,한경면,숙박,198,11778000,6678898.717999999
6938,2018-06,제주시,추자면,숙박,57,5093000,1816310.867
6931,2018-06,제주시,조천읍,숙박,2526,338661880,23046082.23
6917,2018-06,제주시,조천읍,숙박,1817,223762454,23046082.23
6900,2018-06,제주시,일도2동,숙박,12,880000,27473549.41
6888,2018-06,제주시,일도2동,숙박,225,12923000,27473549.41
6870,2018-06,제주시,일도1동,숙박,45,3280250,3385728.285
6859,2018-06,제주시,일도1동,숙박,393,52681082,3385728.285
6834,2018-06,제주시,이호동,숙박,142,43647040,4669504.728
6806,2018-06,제주시,이도2동,숙박,1251,181766631,56911214.14
6789,2018-06,제주시,이도1동,숙박,966,345513033,10673020.65
6778,2018-06,제주시,이도1동,숙박,451,18622810,10673020.65
6752,2018-06,제주시,우도면,숙박,372,8797000,1885952.273
6715,2018-06,제주시,용담1동,숙박,77,26230000,7450253.45
6411,2018-06,제주시,노형동,숙박,163,17296000,54592600.24
6929,2018-06,제주시,조천읍,숙박,172,17791530,23046082.23
6378,2018-06,제주시,구좌읍,숙박,40,1453900,15381476.21
6073,2018-06,서귀포시,송산동,숙박,708,150107103,19322572.34
6060,2018-06,서귀포시,송산동,숙박,3637,452408655,19322572.34
6042,2018-06,서귀포시,성산읍,숙박,2337,253750981,15496113.81
6040,2018-06,서귀포시,성산읍,숙박,25,1160000,15496113.81
6028,2018-06,서귀포시,성산읍,숙박,2310,187674766,15496113.81
6001,2018-06,서귀포시,서홍동,숙박,26,2390000,5701298.93
5974,2018-06,서귀포시,동홍동,숙박,120,8744500,16777953.48
6092,2018-06,서귀포시,안덕면,숙박,6176,171199884,17519933.82
5958,2018-06,서귀포시,대천동,숙박,941,102697816,8246057.301
6397,2018-06,제주시,노형동,숙박,1327,326333363,54592600.24
5944,2018-06,서귀포시,대천동,숙박,954,131132360,8246057.301
5918,2018-06,서귀포시,대정읍,숙박,472,39077600,16309125.94
5903,2018-06,서귀포시,대륜동,숙박,57,8338500,14942882.09
5902,2018-06,서귀포시,대륜동,숙박,24,9663000,14942882.09
5890,2018-06,서귀포시,대륜동,숙박,1244,217468807,14942882.09
5874,2018-06,서귀포시,남원읍,숙박,3572,287737390,14043480.69
5956,2018-06,서귀포시,대천동,숙박,144,22399413,8246057.301
6104,2018-06,서귀포시,안덕면,숙박,3383,774822607,17519933.82
5861,2018-06,서귀포시,남원읍,숙박,191,15773440,14043480.69
6123,2018-06,서귀포시,영천동,숙박,671,145482103,5926802.213
6365,2018-06,제주시,구좌읍,숙박,804,38908330,15381476.21
6349,2018-06,제주시,건입동,숙박,45,2100000,10412251.32
6337,2018-06,제주시,건입동,숙박,1475,281225475,10412251.32
6313,2018-06,서귀포시,효돈동,숙박,10,1966500,3564850.012
6303,2018-06,서귀포시,표선면,숙박,1917,255474190,11539367.18
6115,2018-06,서귀포시,영천동,숙박,258,19873530,5926802.213
6274,2018-06,서귀포시,천지동,숙박,37,4625000,7580179.242000001
6261,2018-06,서귀포시,천지동,숙박,3494,432839605,7580179.242000001
6290,2018-06,서귀포시,표선면,숙박,488,52858400,11539367.18
6230,2018-06,서귀포시,중앙동,숙박,3468,430449605,4955734.318
6212,2018-06,서귀포시,중문동,숙박,216,39062066,9128019.695
6200,2018-06,서귀포시,중문동,숙박,2278,570504468,9128019.695
6182,2018-06,서귀포시,정방동,숙박,37,4625000,4259164.396000001
6170,2018-06,서귀포시,정방동,숙박,3468,430449605,4259164.396000001
6153,2018-06,서귀포시,예래동,숙박,222,70896646,8655990.645
6151,2018-06,서귀포시,예래동,숙박,5893,2657120620,8655990.645
6138,2018-06,서귀포시,예래동,숙박,1350,346421048,8655990.645
6242,2018-06,서귀포시,중앙동,숙박,37,4625000,4955734.318
7831,2018-07,제주시,오라동,숙박,290,22473408,18708501.46
7815,2018-07,제주시,연동,숙박,4977,1919662042,54506271.32
7800,2018-07,제주시,연동,숙박,5864,786481091,54506271.32
7782,2018-07,제주시,애월읍,숙박,45,5954000,42418528.04
7780,2018-07,제주시,애월읍,숙박,44,6985000,42418528.04
7767,2018-07,제주시,애월읍,숙박,6058,608674779,42418528.04
7739,2018-07,제주시,아라동,숙박,500,112379919,38411752.88
7597,2018-07,제주시,노형동,숙박,60,46453200,56745472.47
7695,2018-07,제주시,삼도2동,숙박,1826,507525843,7513241.286
7684,2018-07,제주시,삼도2동,숙박,793,22245533,7513241.286
7666,2018-07,제주시,삼도1동,숙박,284,62401996,11318002.43
7653,2018-07,제주시,삼도1동,숙박,655,37102601,11318002.43
7639,2018-07,제주시,봉개동,숙박,1582,185341550,6057182.472
7630,2018-07,제주시,봉개동,숙박,92,10663888,6057182.472
7608,2018-07,제주시,도두동,숙박,411,57586630,4102033.645
7857,2018-07,제주시,외도동,숙박,687,83520490,10793478.1
7711,2018-07,제주시,삼양동,숙박,158,23411160,18957531.59
7871,2018-07,제주시,외도동,숙박,258,52171891,10793478.1
8040,2018-07,제주시,일도1동,숙박,426,47553000,3408184.884
7898,2018-07,제주시,용담1동,숙박,20,13737000,7839947.037
7595,2018-07,제주시,노형동,숙박,128,9851000,56745472.47
8167,2018-07,제주시,한림읍,숙박,2137,226714334,23421940.51
8151,2018-07,제주시,한경면,숙박,141,4405436,6918036.025
8140,2018-07,제주시,한경면,숙박,254,18025500,6918036.025
8118,2018-07,제주시,추자면,숙박,51,6030010,2004219.747
8111,2018-07,제주시,조천읍,숙박,2377,331366420,24338605.36
8109,2018-07,제주시,조천읍,숙박,188,46020374,24338605.36
7886,2018-07,제주시,용담1동,숙박,118,17072800,7839947.037
8096,2018-07,제주시,조천읍,숙박,1914,241092730,24338605.36
8051,2018-07,제주시,일도1동,숙박,31,5218100,3408184.884
8016,2018-07,제주시,이호동,숙박,155,43934500,5100532.866
7989,2018-07,제주시,이도2동,숙박,1242,170934645,59701547.9
7972,2018-07,제주시,이도1동,숙박,1025,316691700,11230206.01
7961,2018-07,제주시,이도1동,숙박,490,19795600,11230206.01
7935,2018-07,제주시,우도면,숙박,779,12920050,2192063.486
7912,2018-07,제주시,용담2동,숙박,422,49755082,19282882.52
8068,2018-07,제주시,일도2동,숙박,230,14015000,29256204.63
7581,2018-07,제주시,노형동,숙박,1343,240897991,56745472.47
8180,2018-07,제주시,한림읍,숙박,173,41540698,23421940.51
7549,2018-07,제주시,구좌읍,숙박,826,51832980,16530887.56
7254,2018-07,서귀포시,송산동,숙박,751,228473550,21438416.5
7241,2018-07,서귀포시,송산동,숙박,3706,482774929,21438416.5
7224,2018-07,서귀포시,성산읍,숙박,2547,333602602,16770954.61
7222,2018-07,서귀포시,성산읍,숙박,31,1930000,16770954.61
7210,2018-07,서귀포시,성산읍,숙박,2937,229384015,16770954.61
7182,2018-07,서귀포시,서홍동,숙박,27,2925000,5839965.172
7157,2018-07,서귀포시,동홍동,숙박,118,9411300,18734100.07
7273,2018-07,서귀포시,안덕면,숙박,4925,212391098,16555955.2
7142,2018-07,서귀포시,대천동,숙박,1351,125123541,8749614.572999999
7128,2018-07,서귀포시,대천동,숙박,1206,90490626,8749614.572999999
7103,2018-07,서귀포시,대정읍,숙박,485,44878600,15880889.61
7087,2018-07,서귀포시,대륜동,숙박,44,4747000,16260586.76
7085,2018-07,서귀포시,대륜동,숙박,23,5362900,16260586.76
7072,2018-07,서귀포시,대륜동,숙박,1419,225742139,16260586.76
7057,2018-07,서귀포시,남원읍,숙박,3881,255994340,14703637.48
7044,2018-07,서귀포시,남원읍,숙박,283,24849590,14703637.48
7140,2018-07,서귀포시,대천동,숙박,142,29079711,8749614.572999999
7286,2018-07,서귀포시,안덕면,숙박,2530,574488160,16555955.2
7562,2018-07,제주시,구좌읍,숙박,82,4135845,16530887.56
7305,2018-07,서귀포시,영천동,숙박,711,225593550,5538789.528
7297,2018-07,서귀포시,영천동,숙박,264,12106600,5538789.528
7533,2018-07,제주시,건입동,숙박,37,1580000,10349103.37
7520,2018-07,제주시,건입동,숙박,1755,318776562,10349103.37
7494,2018-07,서귀포시,효돈동,숙박,9,2144000,3809440.471
7484,2018-07,서귀포시,표선면,숙박,1844,265035577,12069903.71
7455,2018-07,서귀포시,천지동,숙박,40,2880000,7736831.204
7442,2018-07,서귀포시,천지동,숙박,3556,468530829,7736831.204
7423,2018-07,서귀포시,중앙동,숙박,40,2880000,5281039.256
7471,2018-07,서귀포시,표선면,숙박,456,45188599,12069903.71
7394,2018-07,서귀포시,중문동,숙박,198,56251172,9758643.583
7381,2018-07,서귀포시,중문동,숙박,2204,506726601,9758643.583
7363,2018-07,서귀포시,정방동,숙박,40,2880000,4655032.188999999
7351,2018-07,서귀포시,정방동,숙박,3529,465605829,4655032.188999999
7335,2018-07,서귀포시,예래동,숙박,197,77400880,9386822.334
7333,2018-07,서귀포시,예래동,숙박,7044,3690087220,9386822.334
7321,2018-07,서귀포시,예래동,숙박,1524,433348331,9386822.334
7411,2018-07,서귀포시,중앙동,숙박,3529,465605829,5281039.256
8939,2018-08,제주시,애월읍,숙박,6810,733889601,44358817.36
9003,2018-08,제주시,오라동,숙박,322,34262700,18974496.93
8987,2018-08,제주시,연동,숙박,6211,1897909479,55051267.14
8972,2018-08,제주시,연동,숙박,6572,872289762,55051267.14
8954,2018-08,제주시,애월읍,숙박,79,30600000,44358817.36
8952,2018-08,제주시,애월읍,숙박,65,7470000,44358817.36
8911,2018-08,제주시,아라동,숙박,643,97758437,39285373.22
8772,2018-08,제주시,노형동,숙박,88,48853000,58745647.84
8869,2018-08,제주시,삼도2동,숙박,2127,551200902,7693011.296
8858,2018-08,제주시,삼도2동,숙박,857,26498466,7693011.296
8840,2018-08,제주시,삼도1동,숙박,335,53860699,11360282.47
8827,2018-08,제주시,삼도1동,숙박,678,44771840,11360282.47
8812,2018-08,제주시,봉개동,숙박,2598,324872440,6185946.151000001
8805,2018-08,제주시,봉개동,숙박,97,5355500,6185946.151000001
8784,2018-08,제주시,도두동,숙박,530,88315812,4342409.346
9028,2018-08,제주시,외도동,숙박,802,54614334,11144146.52
8884,2018-08,제주시,삼양동,숙박,218,28805430,19037519.51
9041,2018-08,제주시,외도동,숙박,466,83760718,11144146.52
9214,2018-08,제주시,일도1동,숙박,376,38490430,3309849.975
9071,2018-08,제주시,용담1동,숙박,60,13903500,7871086.581
9368,2018-08,제주시,화북동,숙박,1,50000,25476462.12
8770,2018-08,제주시,노형동,숙박,176,16161000,58745647.84
9340,2018-08,제주시,한림읍,숙박,2639,233062437,24467323.12
9324,2018-08,제주시,한경면,숙박,202,8737440,7221706.637999999
9313,2018-08,제주시,한경면,숙박,199,9165000,7221706.637999999
9293,2018-08,제주시,추자면,숙박,68,11400000,2122697.166
9287,2018-08,제주시,조천읍,숙박,3260,486875340,25405786.35
9285,2018-08,제주시,조천읍,숙박,173,33198134,25405786.35
9271,2018-08,제주시,조천읍,숙박,2216,278229198,25405786.35
9243,2018-08,제주시,일도2동,숙박,292,31573000,29050719.38
9225,2018-08,제주시,일도1동,숙박,36,2568450,3309849.975
9190,2018-08,제주시,이호동,숙박,168,56923100,5108867.423
9162,2018-08,제주시,이도2동,숙박,1336,232165353,59744652.24
9145,2018-08,제주시,이도1동,숙박,1297,311913937,11397061.77
9133,2018-08,제주시,이도1동,숙박,519,19508845,11397061.77
9108,2018-08,제주시,우도면,숙박,370,16386100,2256665.042
9085,2018-08,제주시,용담2동,숙박,526,87251560,20464971.16
9058,2018-08,제주시,용담1동,숙박,144,10467000,7871086.581
9353,2018-08,제주시,한림읍,숙박,193,31630822,24467323.12
8756,2018-08,제주시,노형동,숙박,1580,303216227,58745647.84
8724,2018-08,제주시,구좌읍,숙박,839,64818716,17304920.34
8434,2018-08,서귀포시,송산동,숙박,886,172523150,22039388.51
8421,2018-08,서귀포시,송산동,숙박,4062,594693294,22039388.51
8404,2018-08,서귀포시,성산읍,숙박,2738,266572740,17863587.79
8402,2018-08,서귀포시,성산읍,숙박,64,3255000,17863587.79
8390,2018-08,서귀포시,성산읍,숙박,3401,304116375,17863587.79
8362,2018-08,서귀포시,서홍동,숙박,46,3446000,5868755.565
8319,2018-08,서귀포시,대천동,숙박,1671,182149956,9137253.098
8453,2018-08,서귀포시,안덕면,숙박,3506,163515332,20079880.45
8317,2018-08,서귀포시,대천동,숙박,232,35006565,9137253.098
8281,2018-08,서귀포시,대정읍,숙박,453,32138608,17374858.44
8265,2018-08,서귀포시,대륜동,숙박,88,6488500,16889496.48
8264,2018-08,서귀포시,대륜동,숙박,30,9980100,16889496.48
8252,2018-08,서귀포시,대륜동,숙박,1565,212597986,16889496.48
8236,2018-08,서귀포시,남원읍,숙박,4097,231619902,14983632.76
8223,2018-08,서귀포시,남원읍,숙박,331,40349200,14983632.76
8737,2018-08,제주시,구좌읍,숙박,125,4592222,17304920.34
8306,2018-08,서귀포시,대천동,숙박,1583,140351289,9137253.098
8466,2018-08,서귀포시,안덕면,숙박,8474,1130613587,20079880.45
8335,2018-08,서귀포시,동홍동,숙박,127,10985500,19075713.6
8484,2018-08,서귀포시,영천동,숙박,858,170993150,5589943.213
8476,2018-08,서귀포시,영천동,숙박,283,13095400,5589943.213
8695,2018-08,제주시,건입동,숙박,1930,389216546,10327732.53
8671,2018-08,서귀포시,효돈동,숙박,19,9386000,3830461.868
8661,2018-08,서귀포시,표선면,숙박,2581,337746644,12412317.43
8648,2018-08,서귀포시,표선면,숙박,494,46758080,12412317.43
8632,2018-08,서귀포시,천지동,숙박,28,1530000,7966595.111
8619,2018-08,서귀포시,천지동,숙박,3919,581368094,7966595.111
8601,2018-08,서귀포시,중앙동,숙박,28,1530000,5224199.3
8707,2018-08,제주시,건입동,숙박,46,2700000,10327732.53
8572,2018-08,서귀포시,중문동,숙박,300,48366678,10447492.9
8559,2018-08,서귀포시,중문동,숙박,2517,664780459,10447492.9
8541,2018-08,서귀포시,정방동,숙박,28,1530000,4774633.247
8529,2018-08,서귀포시,정방동,숙박,3873,577922094,4774633.247
8513,2018-08,서귀포시,예래동,숙박,220,78608534,9845157.817
8511,2018-08,서귀포시,예래동,숙박,7409,3949453004,9845157.817
8500,2018-08,서귀포시,예래동,숙박,1774,511693364,9845157.817
8589,2018-08,서귀포시,중앙동,숙박,3873,577922094,5224199.3
10178,2018-09,제주시,오라동,숙박,277,22313200,17247156.42
10162,2018-09,제주시,연동,숙박,4732,1904701513,51634066.71
10147,2018-09,제주시,연동,숙박,5360,733349239,51634066.71
10129,2018-09,제주시,애월읍,숙박,49,6743000,39782509.52
10127,2018-09,제주시,애월읍,숙박,50,4170000,39782509.52
10114,2018-09,제주시,애월읍,숙박,5290,431005122,39782509.52
10085,2018-09,제주시,아라동,숙박,354,113475366,39183160.96
10057,2018-09,제주시,삼양동,숙박,128,24625140,17747222.19
10000,2018-09,제주시,삼도1동,숙박,728,39382928,11165134.27
10030,2018-09,제주시,삼도2동,숙박,1105,55848395,7796239.982999999
10013,2018-09,제주시,삼도1동,숙박,268,69843207,11165134.27
9985,2018-09,제주시,봉개동,숙박,1517,198106520,5865183.44
9977,2018-09,제주시,봉개동,숙박,72,3930000,5865183.44
9954,2018-09,제주시,도두동,숙박,303,56136050,3691435.81
9942,2018-09,제주시,노형동,숙박,65,60111000,55799178.28
10204,2018-09,제주시,외도동,숙박,752,23588792,10661312.64
10041,2018-09,제주시,삼도2동,숙박,1355,584092442,7796239.982999999
10530,2018-09,제주시,한림읍,숙박,117,19202226,21856124.05
9940,2018-09,제주시,노형동,숙박,161,11787000,55799178.28
10246,2018-09,제주시,용담1동,숙박,46,16930000,7467563.052
10517,2018-09,제주시,한림읍,숙박,1723,105676160,21856124.05
10501,2018-09,제주시,한경면,숙박,41,1794728,7015416.642000001
10489,2018-09,제주시,한경면,숙박,99,6012800,7015416.642000001
10467,2018-09,제주시,추자면,숙박,63,8069900,1988016.82
10461,2018-09,제주시,조천읍,숙박,2064,327576430,22693374.41
10459,2018-09,제주시,조천읍,숙박,91,20444683,22693374.41
10446,2018-09,제주시,조천읍,숙박,1508,227960628,22693374.41
10234,2018-09,제주시,용담1동,숙박,120,20952200,7467563.052
10418,2018-09,제주시,일도2동,숙박,259,15289100,27676147.15
10389,2018-09,제주시,일도1동,숙박,294,22217600,3186521.586
10364,2018-09,제주시,이호동,숙박,126,31340400,4423460.933
10336,2018-09,제주시,이도2동,숙박,1214,143921011,56924061.11
10319,2018-09,제주시,이도1동,숙박,972,240204080,10926419.96
10308,2018-09,제주시,이도1동,숙박,548,27484780,10926419.96
10282,2018-09,제주시,우도면,숙박,185,7120000,1927966.896
10260,2018-09,제주시,용담2동,숙박,435,54302045,18161918.26
10400,2018-09,제주시,일도1동,숙박,27,1897556,3186521.586
9926,2018-09,제주시,노형동,숙박,1207,235897289,55799178.28
10218,2018-09,제주시,외도동,숙박,267,63571772,10661312.64
9894,2018-09,제주시,구좌읍,숙박,536,38217140,15255946.3
9603,2018-09,서귀포시,송산동,숙박,642,141048290,20510915.99
9590,2018-09,서귀포시,송산동,숙박,3201,377275757,20510915.99
9574,2018-09,서귀포시,성산읍,숙박,2169,205271637,16055240.37
9572,2018-09,서귀포시,성산읍,숙박,41,2320000,16055240.37
9560,2018-09,서귀포시,성산읍,숙박,2342,259382802,16055240.37
9533,2018-09,서귀포시,서홍동,숙박,18,1674000,5781156.971
9493,2018-09,서귀포시,대천동,숙박,680,91900568,8259477.984
9622,2018-09,서귀포시,안덕면,숙박,2555,125667289,18222840.01
9491,2018-09,서귀포시,대천동,숙박,291,33354103,8259477.984
9454,2018-09,서귀포시,대정읍,숙박,549,42268540,17154928.14
9439,2018-09,서귀포시,대륜동,숙박,43,13589500,14995233.13
9437,2018-09,서귀포시,대륜동,숙박,14,3029260,14995233.13
9425,2018-09,서귀포시,대륜동,숙박,1231,193176298,14995233.13
9409,2018-09,서귀포시,남원읍,숙박,2934,248964594,14262307.07
9396,2018-09,서귀포시,남원읍,숙박,261,21259200,14262307.07
9907,2018-09,제주시,구좌읍,숙박,44,1849890,15255946.3
9480,2018-09,서귀포시,대천동,숙박,959,87728016,8259477.984
9635,2018-09,서귀포시,안덕면,숙박,4162,708355552,18222840.01
9508,2018-09,서귀포시,동홍동,숙박,93,7641000,17899501.53
9654,2018-09,서귀포시,영천동,숙박,625,140368290,5146250.688999999
9646,2018-09,서귀포시,영천동,숙박,230,12786321,5146250.688999999
9865,2018-09,제주시,건입동,숙박,1389,269539942,10290548.71
9841,2018-09,서귀포시,효돈동,숙박,13,3536000,3640793.556
9829,2018-09,서귀포시,표선면,숙박,1623,261908510,11219434.14
9816,2018-09,서귀포시,표선면,숙박,442,35289290,11219434.14
9800,2018-09,서귀포시,천지동,숙박,17,680000,7752220.388999999
9787,2018-09,서귀포시,천지동,숙박,3054,363044236,7752220.388999999
9770,2018-09,서귀포시,중앙동,숙박,17,680000,4845936.109
9878,2018-09,제주시,건입동,숙박,22,1015000,10290548.71
9742,2018-09,서귀포시,중문동,숙박,215,37137533,9461030.326
9729,2018-09,서귀포시,중문동,숙박,1818,450243112,9461030.326
9711,2018-09,서귀포시,정방동,숙박,17,680000,4219305.319
9699,2018-09,서귀포시,정방동,숙박,3036,361370236,4219305.319
9684,2018-09,서귀포시,예래동,숙박,126,46426755,8012846.154
9682,2018-09,서귀포시,예래동,숙박,5422,2738203580,8012846.154
9670,2018-09,서귀포시,예래동,숙박,1246,396882798,8012846.154
9758,2018-09,서귀포시,중앙동,숙박,3036,361370236,4845936.109
11358,2018-10,제주시,오라동,숙박,361,32181000,17820431.39
11342,2018-10,제주시,연동,숙박,4847,1655464992,55235699.53
11327,2018-10,제주시,연동,숙박,6250,1015742827,55235699.53
11309,2018-10,제주시,애월읍,숙박,61,9501000,41311439.44
11307,2018-10,제주시,애월읍,숙박,32,6355500,41311439.44
11294,2018-10,제주시,애월읍,숙박,4571,428262028,41311439.44
11265,2018-10,제주시,아라동,숙박,373,101796495,42476341.76
11237,2018-10,제주시,삼양동,숙박,160,24545520,18234922.68
11180,2018-10,제주시,삼도1동,숙박,721,39537900,11476004.72
11210,2018-10,제주시,삼도2동,숙박,1232,70898562,8223090.823
11193,2018-10,제주시,삼도1동,숙박,277,96720703,11476004.72
11165,2018-10,제주시,봉개동,숙박,2046,260668740,6406179.281
11157,2018-10,제주시,봉개동,숙박,100,29891900,6406179.281
11135,2018-10,제주시,도두동,숙박,295,56831010,4052533.022
11123,2018-10,제주시,노형동,숙박,79,44367000,58182383.56
11384,2018-10,제주시,외도동,숙박,821,47335527,11184679.86
11221,2018-10,제주시,삼도2동,숙박,1754,617139712,8223090.823
11398,2018-10,제주시,외도동,숙박,193,52982706,11184679.86
11713,2018-10,제주시,한림읍,숙박,127,23732144,22427682.14
11426,2018-10,제주시,용담1동,숙박,87,34531000,7569397.589
11121,2018-10,제주시,노형동,숙박,156,11068500,58182383.56
11700,2018-10,제주시,한림읍,숙박,1539,136340821,22427682.14
11684,2018-10,제주시,한경면,숙박,4,240000,6867451.395
11672,2018-10,제주시,한경면,숙박,82,4194200,6867451.395
11650,2018-10,제주시,추자면,숙박,88,14498300,1978795.958
11644,2018-10,제주시,조천읍,숙박,2881,444454493,23942922.56
11642,2018-10,제주시,조천읍,숙박,111,31728667,23942922.56
11629,2018-10,제주시,조천읍,숙박,1336,203746639,23942922.56
11600,2018-10,제주시,일도2동,숙박,294,20060000,28032891.73
11583,2018-10,제주시,일도1동,숙박,36,3195400,3217906.0510000004
11572,2018-10,제주시,일도1동,숙박,350,25816664,3217906.0510000004
11546,2018-10,제주시,이호동,숙박,132,37780460,4659277.485
11518,2018-10,제주시,이도2동,숙박,1372,221915903,58719615.08
11501,2018-10,제주시,이도1동,숙박,926,310384880,11351960.1
11490,2018-10,제주시,이도1동,숙박,502,36448827,11351960.1
11463,2018-10,제주시,우도면,숙박,175,9970000,2043892.722
11440,2018-10,제주시,용담2동,숙박,550,87734924,19004891.21
11414,2018-10,제주시,용담1동,숙박,149,18304800,7569397.589
11107,2018-10,제주시,노형동,숙박,1385,281458815,58182383.56
11088,2018-10,제주시,구좌읍,숙박,43,6060400,15349490.21
11075,2018-10,제주시,구좌읍,숙박,450,45576343,15349490.21
10783,2018-10,서귀포시,송산동,숙박,634,139675310,20851931.89
10770,2018-10,서귀포시,송산동,숙박,3271,446491194,20851931.89
10752,2018-10,서귀포시,성산읍,숙박,1890,225973501,16461843.17
10750,2018-10,서귀포시,성산읍,숙박,38,1994000,16461843.17
10738,2018-10,서귀포시,성산읍,숙박,2192,223739209,16461843.17
10721,2018-10,서귀포시,서홍동,숙박,193,38395031,5846583.097999999
10710,2018-10,서귀포시,서홍동,숙박,47,3058500,5846583.097999999
10802,2018-10,서귀포시,안덕면,숙박,2361,105661882,19453329.19
10685,2018-10,서귀포시,동홍동,숙박,85,5586500,18283358.3
10668,2018-10,서귀포시,대천동,숙박,401,56265109,9152528.024
10656,2018-10,서귀포시,대천동,숙박,847,94817144,9152528.024
10630,2018-10,서귀포시,대정읍,숙박,498,34729600,17505846.31
10615,2018-10,서귀포시,대륜동,숙박,52,5929000,16384824.87
10613,2018-10,서귀포시,대륜동,숙박,14,9588000,16384824.87
10600,2018-10,서귀포시,대륜동,숙박,1106,182419926,16384824.87
10585,2018-10,서귀포시,남원읍,숙박,3107,213766130,14807902.88
10670,2018-10,서귀포시,대천동,숙박,732,103335717,9152528.024
10814,2018-10,서귀포시,안덕면,숙박,3117,584961732,19453329.19
10572,2018-10,서귀포시,남원읍,숙박,320,34713470,14807902.88
10833,2018-10,서귀포시,영천동,숙박,601,134770310,5509689.058999999
11059,2018-10,제주시,건입동,숙박,29,2100000,10339819.64
11046,2018-10,제주시,건입동,숙박,1355,334065363,10339819.64
11022,2018-10,서귀포시,효돈동,숙박,16,2224000,3664046.8
11012,2018-10,서귀포시,표선면,숙박,1619,216909222,11710336.41
10825,2018-10,서귀포시,영천동,숙박,222,9531328,5509689.058999999
10983,2018-10,서귀포시,천지동,숙박,226,43300031,7898462.982000001
10970,2018-10,서귀포시,천지동,숙박,3150,438006766,7898462.982000001
10951,2018-10,서귀포시,중앙동,숙박,33,4905000,5312135.551
10999,2018-10,서귀포시,표선면,숙박,440,50531100,11710336.41
10922,2018-10,서귀포시,중문동,숙박,211,54263137,10102924.28
10909,2018-10,서귀포시,중문동,숙박,2047,523952297,10102924.28
10891,2018-10,서귀포시,정방동,숙박,33,4905000,4730867.518
10879,2018-10,서귀포시,정방동,숙박,3103,434948266,4730867.518
10863,2018-10,서귀포시,예래동,숙박,180,84855980,8340692.698
10861,2018-10,서귀포시,예래동,숙박,5830,3071502452,8340692.698
10849,2018-10,서귀포시,예래동,숙박,1164,362329599,8340692.698
10939,2018-10,서귀포시,중앙동,숙박,3103,434948266,5312135.551
12536,2018-11,제주시,오라동,숙박,326,21911000,17499445.79
12520,2018-11,제주시,연동,숙박,3926,1498424015,53499012.03
12505,2018-11,제주시,연동,숙박,5808,1040420490,53499012.03
12485,2018-11,제주시,애월읍,숙박,50,5373310,39553414.22
12483,2018-11,제주시,애월읍,숙박,53,6408000,39553414.22
12470,2018-11,제주시,애월읍,숙박,2460,382543166,39553414.22
12441,2018-11,제주시,아라동,숙박,398,105331225,41126953.35
12297,2018-11,제주시,노형동,숙박,62,31135650,56144511.22
12397,2018-11,제주시,삼도2동,숙박,1696,792101163,7955583.52
12386,2018-11,제주시,삼도2동,숙박,1275,68843279,7955583.52
12369,2018-11,제주시,삼도1동,숙박,250,97357799,11042025.52
12356,2018-11,제주시,삼도1동,숙박,704,41414770,11042025.52
12340,2018-11,제주시,봉개동,숙박,1889,243042050,5964755.046
12332,2018-11,제주시,봉개동,숙박,89,11441970,5964755.046
12309,2018-11,제주시,도두동,숙박,284,78572250,3797180.125
12562,2018-11,제주시,외도동,숙박,880,49897700,10489127.88
12413,2018-11,제주시,삼양동,숙박,155,17582980,17733772.01
12889,2018-11,제주시,한림읍,숙박,132,17787844,20681222.94
12723,2018-11,제주시,이호동,숙박,115,34132000,4432156.226
12591,2018-11,제주시,용담1동,숙박,148,27016400,7347719.512
12295,2018-11,제주시,노형동,숙박,158,11155000,56144511.22
12876,2018-11,제주시,한림읍,숙박,1244,126605745,20681222.94
12850,2018-11,제주시,한경면,숙박,82,9846633,6506831.766
12828,2018-11,제주시,추자면,숙박,95,14710000,2054676.822
12822,2018-11,제주시,조천읍,숙박,2404,403819090,22211169.22
12820,2018-11,제주시,조천읍,숙박,107,14855091,22211169.22
12806,2018-11,제주시,조천읍,숙박,1191,185623532,22211169.22
12576,2018-11,제주시,외도동,숙박,173,63345178,10489127.88
12777,2018-11,제주시,일도2동,숙박,282,18059000,27067372.19
12749,2018-11,제주시,일도1동,숙박,354,40459749,3038512.617
12695,2018-11,제주시,이도2동,숙박,1297,258836629,57092951.91
12678,2018-11,제주시,이도1동,숙박,980,289117900,11040494.24
12667,2018-11,제주시,이도1동,숙박,487,67402359,11040494.24
12641,2018-11,제주시,우도면,숙박,121,6062000,1782719.476
12618,2018-11,제주시,용담2동,숙박,502,79423601,17870731.8
12604,2018-11,제주시,용담1동,숙박,102,26645010,7347719.512
12760,2018-11,제주시,일도1동,숙박,38,3294740,3038512.617
12281,2018-11,제주시,노형동,숙박,1300,272013063,56144511.22
11993,2018-11,서귀포시,안덕면,숙박,2250,458647451,18499148.13
12249,2018-11,제주시,구좌읍,숙박,382,37855568,13912526.74
11949,2018-11,서귀포시,송산동,숙박,2946,427475820,20309690.73
11933,2018-11,서귀포시,성산읍,숙박,1572,220098320,14768011.35
11931,2018-11,서귀포시,성산읍,숙박,36,1550000,14768011.35
11919,2018-11,서귀포시,성산읍,숙박,1844,193389841,14768011.35
11902,2018-11,서귀포시,서홍동,숙박,143,28274093,5742215.794
11891,2018-11,서귀포시,서홍동,숙박,19,4653000,5742215.794
11851,2018-11,서귀포시,대천동,숙박,690,95791134,8198298.473999999
11962,2018-11,서귀포시,송산동,숙박,613,162998250,20309690.73
11849,2018-11,서귀포시,대천동,숙박,465,69929022,8198298.473999999
11812,2018-11,서귀포시,대정읍,숙박,494,40908800,16890916.14
11797,2018-11,서귀포시,대륜동,숙박,51,22902000,15299842.48
11795,2018-11,서귀포시,대륜동,숙박,13,2189000,15299842.48
11783,2018-11,서귀포시,대륜동,숙박,1110,201309325,15299842.48
11768,2018-11,서귀포시,남원읍,숙박,2644,198092589,14766967.32
11755,2018-11,서귀포시,남원읍,숙박,264,34347100,14766967.32
12262,2018-11,제주시,구좌읍,숙박,23,916300,13912526.74
11838,2018-11,서귀포시,대천동,숙박,710,114917753,8198298.473999999
11981,2018-11,서귀포시,안덕면,숙박,2552,122892631,18499148.13
11866,2018-11,서귀포시,동홍동,숙박,67,6077500,17920843.62
12012,2018-11,서귀포시,영천동,숙박,599,162268250,5207540.321
12004,2018-11,서귀포시,영천동,숙박,147,9637710,5207540.321
12221,2018-11,제주시,건입동,숙박,1306,316211243,9805753.324
12196,2018-11,서귀포시,효돈동,숙박,9,1147000,3652508.021
12186,2018-11,서귀포시,표선면,숙박,1630,230144120,10956399.69
12173,2018-11,서귀포시,표선면,숙박,430,41157500,10956399.69
12144,2018-11,서귀포시,천지동,숙박,2836,420358510,7658391.699
12127,2018-11,서귀포시,중앙동,숙박,14,730000,4937597.952
12115,2018-11,서귀포시,중앙동,숙박,2817,415705510,4937597.952
12157,2018-11,서귀포시,천지동,숙박,157,29004093,7658391.699
12233,2018-11,제주시,건입동,숙박,29,1285000,9805753.324
12086,2018-11,서귀포시,중문동,숙박,1598,460590771,10034869.36
12068,2018-11,서귀포시,정방동,숙박,14,730000,4156818.678
12056,2018-11,서귀포시,정방동,숙박,2817,415705510,4156818.678
12041,2018-11,서귀포시,예래동,숙박,172,54814250,7519944.182
12039,2018-11,서귀포시,예래동,숙박,4954,2321069141,7519944.182
12027,2018-11,서귀포시,예래동,숙박,973,319053923,7519944.182
12099,2018-11,서귀포시,중문동,숙박,170,23017059,10034869.36
13594,2018-12,제주시,삼양동,숙박,128,13221720,18917568.86
13684,2018-12,제주시,연동,숙박,5538,952027160,55578082.21
13666,2018-12,제주시,애월읍,숙박,38,6772300,40235936.39
13664,2018-12,제주시,애월읍,숙박,22,2205000,40235936.39
13651,2018-12,제주시,애월읍,숙박,2105,331126802,40235936.39
13622,2018-12,제주시,아라동,숙박,343,105522199,39682721.67
13578,2018-12,제주시,삼도2동,숙박,1712,771291909,8228543.5
13476,2018-12,제주시,노형동,숙박,124,8956000,57838854.52
13550,2018-12,제주시,삼도1동,숙박,273,136986489,11439786.49
13537,2018-12,제주시,삼도1동,숙박,688,41837352,11439786.49
13521,2018-12,제주시,봉개동,숙박,1222,153504960,5891303.842999999
13513,2018-12,제주시,봉개동,숙박,100,5253380,5891303.842999999
13490,2018-12,제주시,도두동,숙박,285,90487627,3667461.012
13478,2018-12,제주시,노형동,숙박,71,29106200,57838854.52
13699,2018-12,제주시,연동,숙박,3465,1821662366,55578082.21
13567,2018-12,제주시,삼도2동,숙박,1244,61707034,8228543.5
13715,2018-12,제주시,오라동,숙박,246,26279600,18913275.66
14028,2018-12,제주시,한경면,숙박,54,2684400,6597371.946
13755,2018-12,제주시,외도동,숙박,245,58694444,10696600.64
13462,2018-12,제주시,노형동,숙박,1374,265175965,57838854.52
14006,2018-12,제주시,추자면,숙박,86,11463000,2179842.227
14000,2018-12,제주시,조천읍,숙박,2032,306536605,21746440.87
13998,2018-12,제주시,조천읍,숙박,139,32193431,21746440.87
13985,2018-12,제주시,조천읍,숙박,946,336787242,21746440.87
13956,2018-12,제주시,일도2동,숙박,280,32718000,29116485.84
13938,2018-12,제주시,일도1동,숙박,45,3879100,3222115.493
13741,2018-12,제주시,외도동,숙박,1037,46777120,10696600.64
13927,2018-12,제주시,일도1동,숙박,297,18221300,3222115.493
13874,2018-12,제주시,이도2동,숙박,1172,222834802,59681224.59
13857,2018-12,제주시,이도1동,숙박,1382,503757227,11500287.69
13846,2018-12,제주시,이도1동,숙박,494,73692584,11500287.69
13820,2018-12,제주시,우도면,숙박,67,4453000,1659052.681
13797,2018-12,제주시,용담2동,숙박,415,67217101,17881799.58
13783,2018-12,제주시,용담1동,숙박,56,44740000,7881792.712
13770,2018-12,제주시,용담1동,숙박,127,14635300,7881792.712
13900,2018-12,제주시,이호동,숙박,120,47655460,4570475.26
13443,2018-12,제주시,구좌읍,숙박,42,1311700,14216210.09
13182,2018-12,서귀포시,영천동,숙박,170,15016300,5989489.904
13414,2018-12,제주시,건입동,숙박,39,3070000,10063151.48
13110,2018-12,서귀포시,성산읍,숙박,1420,205964040,15548067.08
13108,2018-12,서귀포시,성산읍,숙박,25,1200000,15548067.08
13096,2018-12,서귀포시,성산읍,숙박,2165,249707423,15548067.08
13080,2018-12,서귀포시,서홍동,숙박,192,44008002,6272308.949
13069,2018-12,서귀포시,서홍동,숙박,21,3808000,6272308.949
13045,2018-12,서귀포시,동홍동,숙박,80,7311500,18788147.28
13028,2018-12,서귀포시,대천동,숙박,760,79812356,8406693.287
13128,2018-12,서귀포시,송산동,숙박,3248,389124443,21495272.8
13026,2018-12,서귀포시,대천동,숙박,460,86568140,8406693.287
12989,2018-12,서귀포시,대정읍,숙박,477,36835560,16879074.52
12974,2018-12,서귀포시,대륜동,숙박,35,7681000,15895828.78
12972,2018-12,서귀포시,대륜동,숙박,11,3535095,15895828.78
12960,2018-12,서귀포시,대륜동,숙박,1235,173435066,15895828.78
12945,2018-12,서귀포시,남원읍,숙박,2073,179173430,15198742.64
12932,2018-12,서귀포시,남원읍,숙박,293,22253500,15198742.64
14055,2018-12,제주시,한림읍,숙박,1243,145351837,21027262.43
13015,2018-12,서귀포시,대천동,숙박,670,106547766,8406693.287
13430,2018-12,제주시,구좌읍,숙박,434,33393620,14216210.09
13141,2018-12,서귀포시,송산동,숙박,891,148351390,21495272.8
13171,2018-12,서귀포시,안덕면,숙박,2617,431328681,18018826.87
13402,2018-12,제주시,건입동,숙박,1303,281899580,10063151.48
13379,2018-12,서귀포시,효돈동,숙박,5,795000,3998384.363
13368,2018-12,서귀포시,표선면,숙박,1521,262725017,11096173.5
13355,2018-12,서귀포시,표선면,숙박,380,32765440,11096173.5
13339,2018-12,서귀포시,천지동,숙박,221,46393002,8267832.822000001
13326,2018-12,서귀포시,천지동,숙박,3128,379071943,8267832.822000001
13308,2018-12,서귀포시,중앙동,숙박,29,2385000,5339818.52
13159,2018-12,서귀포시,안덕면,숙박,4103,159822326,18018826.87
13296,2018-12,서귀포시,중앙동,숙박,3107,375263943,5339818.52
13266,2018-12,서귀포시,중문동,숙박,1651,338341140,10023516.82
13248,2018-12,서귀포시,정방동,숙박,29,2385000,4721763.3610000005
13236,2018-12,서귀포시,정방동,숙박,3107,375263943,4721763.3610000005
13220,2018-12,서귀포시,예래동,숙박,141,43339616,7900227.877
13218,2018-12,서귀포시,예래동,숙박,5177,2287202248,7900227.877
13206,2018-12,서귀포시,예래동,숙박,1331,343663019,7900227.877
13190,2018-12,서귀포시,영천동,숙박,862,145966390,5989489.904
13279,2018-12,서귀포시,중문동,숙박,215,41105565,10023516.82
14068,2018-12,제주시,한림읍,숙박,124,16084482,21027262.43
